Company,ESG score
 1&1 Drillisch AG ,4
 2U Inc ,9
 3i Group PLC ,50
 51job Inc ,9
 58.com Inc ,6
 a2 Milk Co Ltd ,9
 A2A SpA ,61
 AAC Technologies Holdings Inc ,25
 AAK AB ,18
 Aalberts NV ,52
 Aaron's Inc ,12
 Abacus Property Group ,26
 ABB Ltd ,44
 Abbott Laboratories ,85
 AbbVie Inc ,76
 ABIOMED Inc ,15
 ABN AMRO Bank NV ,79
 Aboitiz Equity Ventures Inc ,24
 Aboitiz Power Corp ,23
 Absa Group Ltd ,57
 Abu Dhabi Commercial Bank PJSC ,20
 Accenture PLC ,54
 Acciona SA ,90
 Accor SA ,48
 Accton Technology Corp ,14
 Acer Inc ,87
 ACI Worldwide Inc ,13
 Ackermans & van Haaren NV ,13
 ACS Actividades de Construccion y Servicios SA ,77
 Activia Properties Inc ,14
 Activision Blizzard Inc ,13
 Acuity Brands Inc ,9
 Adani Ports & Special Economic Zone Ltd ,25
 Adaro Energy Tbk PT ,7
 Adecco Group AG ,24
 Adelaide Brighton Ltd ,17
 adidas AG ,85
 Aditya Birla Fashion and Retail Ltd ,63
 Administradora de Fondos de Pensiones Habitat SA ,44
 Admiral Group PLC ,20
 Adobe Inc ,67
 Adtalem Global Education Inc ,15
 Advance Auto Parts Inc ,12
 Advance Residence Investment Corp ,34
 Advanced Info Service PCL ,84
 Advanced Micro Devices Inc ,32
 Advantech Co Ltd ,22
 Advantest Corp ,48
 Adyen NV ,5
 AECOM ,18
 Aegon NV ,45
 Aena SME SA ,33
 Aeon Co Ltd ,66
 AerCap Holdings NV ,24
 Aeroports de Paris ,66
 AES Corp/VA ,79
 AES Gener SA ,78
 Affiliated Managers Group Inc ,34
 Aflac Inc ,42
 Afterpay Touch Group Ltd ,9
 AGC Inc/Japan ,24
 AGCO Corp ,12
 Ageas ,22
 Agencias Universales SA ,1
 Agile Group Holdings Ltd ,20
 Agilent Technologies Inc ,53
 AGL Energy Ltd ,44
 AGNC Investment Corp ,22
 Agnico Eagle Mines Ltd ,38
 Agricultural Bank of China Ltd ,25
 Aguas Andinas SA ,71
 AIA Group Ltd ,57
 AIB Group PLC ,35
 Aica Kogyo Co Ltd ,0
 Ain Holdings Inc ,4
 Air Canada ,25
 Air China Ltd ,20
 Air France-KLM ,81
 Air Lease Corp ,9
 Air Liquide SA ,42
 Air Products & Chemicals Inc ,73
 Air Water Inc ,10
 AirAsia Group Bhd ,51
 Airbus SE ,31
 Airports of Thailand PCL ,73
 Airtac International Group ,5
 Aisin Seiki Co Ltd ,33
 Ajinomoto Co Inc ,77
 Akamai Technologies Inc ,50
 Akbank T.A.S. ,28
 Aker BP ASA ,24
 Akzo Nobel NV ,76
 Alaska Air Group Inc ,56
 Albemarle Corp ,22
 Alcoa Corp ,67
 Aldar Properties PJSC ,3
 Alexandria Real Estate Equities Inc ,44
 Alexion Pharmaceuticals Inc ,30
 Alfa Laval AB ,28
 Alfa SAB de CV ,23
 Alfresa Holdings Corp ,13
 Algonquin Power & Utilities Corp ,40
 Alibaba Group Holding Ltd ,13
 Alibaba Health Information Technology Ltd ,9
 Alibaba Pictures Group Ltd ,12
 Alicorp SAA ,38
 Align Technology Inc ,15
 Alimentation Couche-Tard Inc ,9
 Alior Bank SA ,8
 Alkermes PLC ,14
 Alleghany Corp ,9
 Allegion PLC ,14
 Allergan PLC ,56
 Alliance Data Systems Corp ,30
 Alliant Energy Corp ,20
 Allianz SE ,88
 Allison Transmission Holdings Inc ,10
 Allstate Corp ,53
 Ally Financial Inc ,19
 Almacenes Exito SA ,67
 Almendral SA ,0
 Alnylam Pharmaceuticals Inc ,18
 Alpek SAB de CV ,30
 Alpha Bank AE ,31
 Alphabet Inc ,38
 Alps Alpine Co Ltd ,16
 Alrosa PJSC ,15
 ALS Ltd ,23
 Alsea SAB de CV ,46
 Alstom SA ,79
 alstria office REIT-AG ,59
 AltaGas Ltd ,14
 Altium Ltd ,14
 Altria Group Inc ,55
 Alumina Ltd ,29
 Amada Holdings Co Ltd ,11
 Amadeus IT Group SA ,78
 Amazon.com Inc ,16
 Ambev SA ,31
 Ambu A/S ,14
 Ambuja Cements Ltd ,82
 Amcor PLC ,64
 Amdocs Ltd ,48
 Amedisys Inc ,10
 Amer Sports Oyj ,29
 Ameren Corp ,28
 America Movil SAB de CV ,45
 American Airlines Group Inc ,30
 American Campus Communities Inc ,10
 American Eagle Outfitters Inc ,10
 American Electric Power Co Inc ,33
 American Express Co ,36
 American Homes 4 Rent ,5
 American International Group Inc ,23
 American Tower Corp ,18
 American Water Works Co Inc ,45
 Ameriprise Financial Inc ,25
 AmerisourceBergen Corp ,33
 AMETEK Inc ,15
 Amgen Inc ,57
 AMMB Holdings Bhd ,24
 Amorepacific Corp ,70
 AMOREPACIFIC Group ,24
 AMP Ltd ,31
 Amphenol Corp ,13
 Amundi SA ,49
 ANA Holdings Inc ,78
 Analog Devices Inc ,40
 Ananti Inc ,0
 Andino Investment Holding SAA ,3
 ANDRITZ AG ,20
 Anglo American Platinum Ltd ,64
 Anglo American PLC ,71
 AngloGold Ashanti Ltd ,69
 Anheuser-Busch InBev SA/NV ,31
 Anhui Conch Cement Co Ltd ,10
 Annaly Capital Management Inc ,13
 Ansell Ltd ,21
 ANSYS Inc ,36
 ANTA Sports Products Ltd ,24
 AntarChile SA ,53
 Anthem Inc ,66
 Antofagasta PLC ,66
 AO Smith Corp ,14
 Aon PLC ,20
 Aozora Bank Ltd ,15
 AP Moller - Maersk A/S ,30
 APA Group ,21
 Apache Corp ,33
 Apartment Investment & Management Co ,11
 Apollo Hospitals Enterprise Ltd ,14
 Appen Ltd ,11
 Apple Hospitality REIT Inc ,7
 Apple Inc ,29
 Applied Materials Inc ,36
 Aptiv PLC ,49
 Aramark ,13
 ARB Corp Ltd ,8
 Arca Continental SAB de CV ,68
 Arcadis NV ,59
 Arcelik AS ,69
 ArcelorMittal SA ,52
 Arch Capital Group Ltd ,28
 Archer-Daniels-Midland Co ,66
 Arconic Inc ,23
 Ardent Leisure Group Ltd ,12
 Arista Networks Inc ,15
 Aristocrat Leisure Ltd ,13
 Arkema SA ,65
 Armstrong World Industries Inc ,10
 Aroundtown SA ,30
 Arrow Electronics Inc ,12
 Arthur J Gallagher & Co ,24
 Asahi Group Holdings Ltd ,82
 Asahi Intecc Co Ltd ,2
 Asahi Kasei Corp ,28
 Asaleo Care Ltd ,44
 Ascendas Real Estate Investment Trust ,22
 ASE Technology Holding Co Ltd ,88
 Aselsan Elektronik Sanayi Ve Ticaret AS ,19
 Asesor de Activos Prisma SAPI de CV ,2
 ASGN Inc ,7
 Ashok Leyland Ltd ,25
 Ashtead Group PLC ,17
 Asia Cement Corp ,28
 Asian Paints Ltd ,17
 Asics Corp ,65
 ASM Pacific Technology Ltd ,22
 ASML Holding NV ,79
 Aspen Pharmacare Holdings Ltd ,33
 Aspen Technology Inc ,9
 ASR Nederland NV ,73
 Assa Abloy AB ,34
 Assicurazioni Generali SpA ,80
 Associated British Foods PLC ,27
 Assurant Inc ,22
 Assured Guaranty Ltd ,14
 Astellas Pharma Inc ,33
 Astra International Tbk PT ,20
 AstraZeneca PLC ,81
 Asustek Computer Inc ,70
 ASX Ltd ,31
 AT&T Inc ,72
 Atacadao SA ,0
 Athene Holding Ltd ,11
 Atlas Arteria Ltd ,14
 Atlas Copco AB ,36
 Atlassian Corp PLC ,11
 Atmos Energy Corp ,23
 Atos SE ,82
 AU Optronics Corp ,72
 Auckland International Airport Ltd ,55
 Aurizon Holdings Ltd ,29
 Aurobindo Pharma Ltd ,12
 Aurora Cannabis Inc ,6
 AusNet Services ,15
 Austral Group SAA ,13
 Australia & New Zealand Banking Group Ltd ,82
 Australian Pharmaceutical Industries Ltd ,15
 Australis Seafoods SA ,1
 Auto Trader Group PLC ,16
 Autodesk Inc ,30
 Autohome Inc ,6
 Autoliv Inc ,23
 Automatic Data Processing Inc ,26
 Automotive Holdings Group Ltd ,15
 AutoZone Inc ,14
 AvalonBay Communities Inc ,34
 Avangrid Inc ,73
 Avenue Supermarts Ltd ,11
 Aveo Group ,10
 Avery Dennison Corp ,18
 AVI Ltd ,20
 Avianca Holdings SA ,69
 Avicanna Inc ,19
 AviChina Industry & Technology Co Ltd ,11
 Aviva PLC ,65
 Avnet Inc ,35
 AXA SA ,83
 Axalta Coating Systems Ltd ,41
 Axiata Group Bhd ,28
 Axis Bank Ltd ,50
 Axis Capital Holdings Ltd ,10
 Axtel SAB de CV ,38
 Ayala Corp ,36
 Ayala Land Inc ,57
 Azbil Corp ,19
 Azul SA ,9
 B&M European Value Retail SA ,14
 B2Gold Corp ,20
 B2W Cia Digital ,27
 B3 SA - Brasil Bolsa Balcao ,29
 Babcock International Group PLC ,24
 BAE Systems PLC ,68
 Baidu Inc ,7
 Bajaj Auto Ltd ,13
 Bajaj Finance Ltd ,12
 Bajaj Finserv Ltd ,13
 Bajaj Holdings & Investment Ltd ,12
 Baker Hughes Co ,34
 Balkrishna Industries Ltd ,8
 Ball Corp ,74
 Baloise Holding AG ,23
 Banco BBVA Peru SA ,0
 Banco Bilbao Vizcaya Argentaria SA ,82
 Banco BPM SpA ,42
 Banco Bradesco SA ,82
 Banco Comercial Portugues SA ,57
 Banco Davivienda SA ,73
 Banco de Chile ,53
 Banco de Credito del Peru ,3
 Banco de Credito e Inversiones SA ,59
 Banco de Sabadell SA ,54
 Banco del Bajio SA ,2
 Banco del Estado de Chile ,58
 Banco do Brasil SA ,86
 Banco do Estado do Rio Grande do Sul SA ,9
 Banco Santander Brasil SA ,29
 Banco Santander Chile ,67
 Banco Santander Mexico SA Institucion de Banca Multiple Grupo Financiero Santand ,52
 Banco Santander SA ,86
 Bancolombia SA ,85
 Bandai Namco Holdings Inc ,16
 Bangkok Bank PCL ,58
 Bangkok Dusit Medical Services PCL ,13
 Bangkok Expressway & Metro PCL ,5
 Bank Central Asia Tbk PT ,28
 Bank Danamon Indonesia Tbk PT ,22
 Bank Hapoalim BM ,59
 Bank Leumi Le-Israel BM ,38
 Bank Mandiri Persero Tbk PT ,23
 Bank Millennium SA ,27
 Bank Negara Indonesia Persero Tbk PT ,31
 Bank of America Corp ,78
 Bank of China Ltd ,29
 Bank of Communications Co Ltd ,23
 Bank of East Asia Ltd ,27
 Bank of Ireland Group PLC ,27
 Bank of Kyoto Ltd ,5
 Bank of Montreal ,71
 Bank of New York Mellon Corp ,63
 Bank of Nova Scotia ,74
 Bank of Queensland Ltd ,29
 Bank of the Philippine Islands ,29
 Bank OZK ,12
 Bank Polska Kasa Opieki SA ,20
 Bank Rakyat Indonesia Persero Tbk PT ,42
 Bankia SA ,78
 Bankinter SA ,78
 BankUnited Inc ,15
 Banpu PCL ,76
 Banque Cantonale Vaudoise ,13
 Banvida SA ,1
 Bapcor Ltd ,13
 Barclays PLC ,70
 Barito Pacific Tbk PT ,6
 Barloworld Ltd ,46
 Barratt Developments PLC ,48
 Barrick Gold Corp ,79
 Barry Callebaut AG ,18
 Barwa Real Estate Co ,3
 BASF SE ,35
 Bausch Health Cos Inc ,10
 Baxter International Inc ,74
 Bayerische Motoren Werke AG ,78
 BB Seguridade Participacoes SA ,15
 BB&T Corp ,26
 BCE Inc ,39
 BDO Unibank Inc ,32
 Beach Energy Ltd ,47
 Beazley PLC ,13
 Becle SAB de CV ,2
 Becton Dickinson and Co ,54
 Bega Cheese Ltd ,22
 Beiersdorf AG ,31
 BeiGene Ltd ,14
 Beijing Capital International Airport Co Ltd ,20
 Beijing Enterprises Holdings Ltd ,17
 Beijing Enterprises Water Group Ltd ,37
 Bellamy's Australia Ltd ,10
 Bendigo & Adelaide Bank Ltd ,25
 Berger Paints India Ltd ,9
 Berkeley Group Holdings PLC ,33
 Berkshire Hathaway Inc ,9
 Berli Jucker PCL ,23
 Besalco SA ,0
 Best Buy Co Inc ,53
 BGF retail Co Ltd ,2
 Bharat Forge Ltd ,16
 Bharat Petroleum Corp Ltd ,27
 Bharti Airtel Ltd ,75
 Bharti Infratel Ltd ,15
 BHP Group Ltd ,45
 Bic Camera Inc ,5
 Bid Corp Ltd ,15
 Bidvest Group Ltd ,13
 BillerudKorsnas AB ,77
 BIM Birlesik Magazalar AS ,7
 Bingo Industries Ltd ,18
 Bio-Rad Laboratories Inc ,15
 Bio-Techne Corp ,17
 Biocon Ltd ,16
 Biogen Inc ,83
 BioMarin Pharmaceutical Inc ,19
 BioMerieux ,54
 Black Knight Inc ,10
 Blackbaud Inc ,11
 BlackBerry Ltd ,21
 Blackmores Ltd ,27
 BlackRock Inc ,48
 Blanco y Negro SA ,0
 BlueScope Steel Ltd ,19
 Blumar SA ,11
 BNK Financial Group Inc ,59
 BNP Paribas SA ,79
 BOC Hong Kong Holdings Ltd ,24
 Boeing Co ,23
 Boliden AB ,54
 Bollore SA ,31
 Bolsa de Valores de Lima SAA ,5
 Bolsa Mexicana de Valores SAB de CV ,26
 Bombardier Inc ,26
 Booking Holdings Inc ,17
 Booz Allen Hamilton Holding Corp ,27
 Boral Ltd ,46
 BorgWarner Inc ,33
 Bosch Ltd ,14
 Boston Properties Inc ,57
 Boston Scientific Corp ,44
 Bouygues SA ,36
 BP PLC ,49
 BR Malls Participacoes SA ,20
 Brambles Ltd ,72
 Braskem SA ,70
 Bravura Solutions Ltd ,12
 Brenntag AG ,31
 Breville Group Ltd ,11
 Brickworks Ltd ,13
 Bridgestone Corp ,72
 Bright Horizons Family Solutions Inc ,15
 Brighthouse Financial Inc ,16
 Brilliance China Automotive Holdings Ltd ,12
 Brink's Co ,10
 Bristol-Myers Squibb Co ,54
 Britannia Industries Ltd ,11
 British American Tobacco Malaysia Bhd ,35
 British American Tobacco PLC ,83
 British Land Co PLC ,68
 Britvic PLC ,56
 Brixmor Property Group Inc ,20
 Broadcom Inc ,12
 Broadridge Financial Solutions Inc ,19
 Brookfield Asset Management Inc ,16
 Brother Industries Ltd ,21
 Brown-Forman Corp ,26
 Bruker Corp ,12
 Brunswick Corp/DE ,13
 BT Group PLC ,40
 BTS Group Holdings PCL ,83
 Bumrungrad Hospital PCL ,9
 Bunge Ltd ,39
 Bunzl PLC ,36
 Burberry Group PLC ,85
 Bureau Veritas SA ,75
 BWP Trust ,13
 BYD Co Ltd ,5
 CA Immobilien Anlagen AG ,15
 Cable One Inc ,8
 Cabot Corp ,55
 Cabot Oil & Gas Corp ,19
 CACI International Inc ,6
 Cadence Design Systems Inc ,14
 Cadila Healthcare Ltd ,13
 CAE Inc ,25
 Caesars Entertainment Corp ,53
 CaixaBank SA ,81
 Calbee Inc ,15
 Caltex Australia Ltd ,32
 Camden Property Trust ,8
 Cameco Corp ,27
 Campbell Soup Co ,64
 Canadian Imperial Bank of Commerce ,66
 Canadian National Railway Co ,74
 Canadian Natural Resources Ltd ,29
 Canadian Pacific Railway Ltd ,36
 Canadian Tire Corp Ltd ,54
 Canadian Utilities Ltd ,23
 Candente Copper Corp ,4
 Canon Inc ,53
 Canopy Growth Corp ,1
 Cantel Medical Corp ,10
 CAP SA ,48
 Capgemini SE ,49
 Capita PLC ,36
 Capital & Counties Properties PLC ,35
 Capital One Financial Corp ,34
 CapitaLand Commercial Trust ,30
 CapitaLand Ltd ,74
 CapitaLand Mall Trust ,27
 Capitec Bank Holdings Ltd ,24
 Capri Holdings Ltd ,10
 Cardinal Health Inc ,45
 Carlsberg A/S ,27
 CarMax Inc ,18
 Carnival Corp ,54
 Carrefour SA ,73
 carsales.com Ltd ,22
 Carter's Inc ,10
 Casa Grande SAA ,0
 Casino Guichard Perrachon SA ,71
 Casio Computer Co Ltd ,56
 Castellum AB ,79
 Catalent Inc ,13
 Catcher Technology Co Ltd ,24
 Caterpillar Inc ,76
 Cathay Financial Holding Co Ltd ,80
 Cboe Global Markets Inc ,15
 CBRE Group Inc ,70
 CBS Corp ,12
 CCC SA ,16
 CCL Industries Inc ,15
 CCR SA ,24
 CD Projekt SA ,3
 CDK Global Inc ,11
 CDW Corp/DE ,11
 Celanese Corp ,19
 Celgene Corp ,30
 Cellnex Telecom SA ,60
 Celltrion Healthcare Co Ltd ,4
 Celltrion Inc ,7
 Celltrion Pharm Inc ,4
 Celsia SA ESP ,83
 Cembra Money Bank AG ,33
 Cementos Argos SA ,87
 Cementos BIO BIO SA ,1
 Cementos Pacasmayo SAA ,55
 CEMEX Latam Holdings SA ,24
 Cemex SAB de CV ,72
 Cencosud SA ,61
 Cenovus Energy Inc ,33
 Centene Corp ,12
 CenterPoint Energy Inc ,17
 Centrais Eletricas Brasileiras SA ,78
 Central Japan Railway Co ,14
 Central Pattana PCL ,73
 Centrica PLC ,41
 CenturyLink Inc ,29
 Cerner Corp ,17
 CEZ AS ,36
 CF Industries Holdings Inc ,26
 CGI Inc ,46
 CGN Power Co Ltd ,4
 CH Robinson Worldwide Inc ,24
 Chailease Holding Co Ltd ,54
 Challenger Ltd ,35
 Chang Hwa Commercial Bank Ltd ,13
 Charles River Laboratories International Inc ,14
 Charles Schwab Corp ,20
 Charoen Pokphand Foods PCL ,82
 Charoen Pokphand Indonesia Tbk PT ,8
 Charter Communications Inc ,10
 Charter Hall Group ,66
 Charter Hall Long Wale REIT ,56
 Charter Hall Retail REIT ,62
 Check Point Software Technologies Ltd ,9
 Chegg Inc ,9
 Cheil Worldwide Inc ,1
 Chemed Corp ,8
 Cheng Shin Rubber Industry Co Ltd ,1
 Cheniere Energy Inc ,15
 Chevron Corp ,40
 Chiba Bank Ltd ,12
 Chicony Electronics Co Ltd ,25
 Chimera Investment Corp ,10
 China Airlines Ltd ,77
 China Cinda Asset Management Co Ltd ,11
 China CITIC Bank Corp Ltd ,29
 China Communications Construction Co Ltd ,19
 China Communications Services Corp Ltd ,17
 China Conch Venture Holdings Ltd ,12
 China Construction Bank Corp ,29
 China Development Financial Holding Corp ,76
 China Everbright Bank Co Ltd ,18
 China Everbright International Ltd ,62
 China Everbright Ltd ,14
 China Evergrande Group ,16
 China First Capital Group Ltd ,7
 China Galaxy Securities Co Ltd ,20
 China Gas Holdings Ltd ,19
 China Hongqiao Group Ltd ,11
 China Huarong Asset Management Co Ltd ,19
 China International Capital Corp Ltd ,18
 China Jinmao Holdings Group Ltd ,25
 China Life Insurance Co Ltd ,19
 China Life Insurance Co Ltd/29 ,28
 China Literature Ltd ,12
 China Longyuan Power Group Corp Ltd ,13
 China Medical System Holdings Ltd ,14
 China Mengniu Dairy Co Ltd ,13
 China Merchants Bank Co Ltd ,23
 China Merchants Port Holdings Co Ltd ,13
 China Merchants Securities Co Ltd ,17
 China Minsheng Banking Corp Ltd ,21
 China Mobile Ltd ,58
 China Molybdenum Co Ltd ,15
 China National Building Material Co Ltd ,8
 China Oilfield Services Ltd ,21
 China Overseas Land & Investment Ltd ,40
 China Pacific Insurance Group Co Ltd ,10
 China Petrochemical Development Corp ,61
 China Petroleum & Chemical Corp ,29
 China Railway Construction Corp Ltd ,6
 China Railway Group Ltd ,11
 China Reinsurance Group Corp ,17
 China Resources Beer Holdings Co Ltd ,16
 China Resources Cement Holdings Ltd ,22
 China Resources Gas Group Ltd ,13
 China Resources Land Ltd ,14
 China Resources Pharmaceutical Group Ltd ,16
 China Resources Power Holdings Co Ltd ,41
 China Shenhua Energy Co Ltd ,15
 China Southern Airlines Co Ltd ,14
 China State Construction International Holdings Ltd ,40
 China Steel Corp ,59
 China Taiping Insurance Holdings Co Ltd ,14
 China Telecom Corp Ltd ,21
 China Tower Corp Ltd ,11
 China Unicom Hong Kong Ltd ,18
 China Vanke Co Ltd ,10
 Chipbond Technology Corp ,7
 Chipotle Mexican Grill Inc ,15
 Chocoladefabriken Lindt & Spruengli AG ,22
 Chongqing Rural Commercial Bank Co Ltd ,22
 Chorus Ltd ,43
 Chr Hansen Holding A/S ,20
 Chroma ATE Inc ,20
 Chubb Ltd ,46
 Chubu Electric Power Co Inc ,21
 Chugai Pharmaceutical Co Ltd ,73
 Chugoku Electric Power Co Inc ,8
 Chunghwa Telecom Co Ltd ,75
 Church & Dwight Co Inc ,24
 Churchill Downs Inc ,8
 CI Financial Corp ,24
 Cia Brasileira de Distribuicao ,19
 Cia Cervecerias Unidas SA ,58
 Cia de Minas Buenaventura SAA ,15
 Cia de Saneamento Basico do Estado de Sao Paulo ,15
 Cia Energetica de Minas Gerais ,85
 Cia Maritima Chilena SA ,0
 Cia Pesquera Camanchaca SA ,12
 Cia Siderurgica Nacional SA ,7
 Cia Sud Americana de Vapores SA ,10
 Cie de Saint-Gobain ,67
 Cie Financiere Richemont SA ,30
 Cie Generale des Etablissements Michelin SCA ,52
 Cie Plastic Omnium SA ,67
 Cielo SA ,68
 CIFI Holdings Group Co Ltd ,14
 Cigna Corp ,78
 Cimarex Energy Co ,21
 CIMB Group Holdings Bhd ,43
 CIMIC Group Ltd ,68
 Cimpress NV ,7
 Cincinnati Financial Corp ,18
 Cinemark Holdings Inc ,6
 Cineworld Group PLC ,9
 Cintac SA ,0
 Cintas Corp ,12
 Cipla Ltd/India ,34
 Cisco Systems Inc ,82
 CIT Group Inc ,18
 CITIC Ltd ,9
 Citigroup Inc ,71
 Citizens Financial Group Inc ,26
 Citrix Systems Inc ,14
 City Developments Ltd ,70
 CJ CheilJedang Corp ,72
 CJ Corp ,3
 CJ ENM Co Ltd ,1
 CJ Logistics Corp ,24
 CK Asset Holdings Ltd ,15
 CK Hutchison Holdings Ltd ,21
 CK Infrastructure Holdings Ltd ,9
 Clariant AG ,82
 Cleanaway Waste Management Ltd ,22
 Clicks Group Ltd ,29
 Clinica Las Condes SA ,1
 Clorox Co ,31
 Close Brothers Group PLC ,35
 CLP Holdings Ltd ,73
 CME Group Inc ,20
 CMS Energy Corp ,39
 CNH Industrial NV ,88
 CNOOC Ltd ,28
 CNP Assurances ,43
 Coal India Ltd ,15
 Cobham PLC ,37
 Coca-Cola Amatil Ltd ,32
 Coca-Cola Bottlers Japan Holdings Inc ,52
 Coca-Cola Co ,35
 Coca-Cola Embonor SA ,0
 Coca-Cola European Partners PLC ,89
 Coca-Cola Femsa SAB de CV ,71
 Coca-Cola HBC AG ,90
 Cochlear Ltd ,27
 Cogna Educacao ,24
 Cognex Corp ,8
 Cognizant Technology Solutions Corp ,30
 Colbun SA ,74
 Coles Group Ltd ,60
 Colgate-Palmolive Co ,82
 Colgate-Palmolive India Ltd ,14
 Colombina SA ,77
 Coloplast A/S ,58
 Colruyt SA ,21
 Com2uSCorp ,0
 Comcast Corp ,48
 Comerica Inc ,37
 ComfortDelGro Corp Ltd ,45
 Commercial Bank PSQC ,14
 Commercial International Bank Egypt SAE ,36
 Commerzbank AG ,43
 Commonwealth Bank of Australia ,64
 Compal Electronics Inc ,28
 Compass Group PLC ,62
 Computershare Ltd ,16
 COMSYS Holdings Corp ,3
 Conagra Brands Inc ,34
 Concentradora Fibra Danhos SA de CV ,30
 Concentradora Fibra Hotelera Mexicana SA de CV ,0
 Concho Resources Inc ,17
 Concordia Financial Group Ltd ,13
 ConocoPhillips ,67
 Consolidated Edison Inc ,18
 Consorcio ARA SAB de CV ,11
 Constellation Brands Inc ,16
 Constellation Software Inc/Canada ,2
 Contact Energy Ltd ,40
 Container Corp Of India Ltd ,10
 Continental AG ,31
 Continental Resources Inc/OK ,15
 Controladora Vuela Cia de Aviacion SAB de CV ,19
 Contugas S.A.C. ,40
 Cooper Cos Inc ,11
 Copart Inc ,11
 CoreSite Realty Corp ,16
 Cornerstone OnDemand Inc ,11
 Corning Inc ,13
 Corp Aceros Arequipa SA ,38
 Corp Financiera Colombiana SA ,31
 Corp Inmobiliaria Vesta SAB de CV ,42
 Corporate Travel Management Ltd ,10
 Cosan SA ,25
 COSCO SHIPPING Ports Ltd ,21
 Cosmax Inc ,0
 Costa Group Holdings Ltd ,15
 CoStar Group Inc ,11
 Costco Wholesale Corp ,18
 Coty Inc ,12
 Country Garden Holdings Co Ltd ,42
 Country Garden Services Holdings Co Ltd ,5
 Coupa Software Inc ,9
 Cousins Properties Inc ,11
 Covestro AG ,29
 Covivio ,68
 CP ALL PCL ,83
 CPN Retail Growth Leasehold REIT ,12
 Crane Co ,11
 Credicorp Ltd ,45
 Credit Agricole SA ,51
 Credit Corp Group Ltd ,18
 Credit Suisse Group AG ,68
 Credito Real SAB de CV SOFOM ER ,32
 Cree Inc ,19
 CRH PLC ,80
 Cristalerias de Chile SA ,0
 Croda International PLC ,39
 Crompton Greaves Consumer Electricals Ltd ,12
 Cromwell Property Group ,47
 Crown Castle International Corp ,7
 Crown Holdings Inc ,36
 Crown Resorts Ltd ,22
 CRRC Corp Ltd ,13
 CSL Ltd ,31
 CSPC Pharmaceutical Group Ltd ,14
 CSR Ltd ,23
 CSX Corp ,60
 CTBC Financial Holding Co Ltd ,75
 CTCI Corp ,77
 CubeSmart ,8
 Cullen/Frost Bankers Inc ,10
 Cummins Inc ,75
 Curtiss-Wright Corp ,9
 CVC Brasil Operadora e Agencia de Viagens SA ,2
 CVS Health Corp ,72
 CyberAgent Inc ,20
 CyberArk Software Ltd ,8
 Cyfrowy Polsat SA ,8
 Cypress Semiconductor Corp ,8
 CyrusOne Inc ,7
 Dabur India Ltd ,13
 Daelim Industrial Co Ltd ,5
 Daewoo Engineering & Construction Co Ltd ,40
 Daewoo Shipbuilding & Marine Engineering Co Ltd ,6
 Daewoong Pharmaceutical Co Ltd ,4
 Dai Nippon Printing Co Ltd ,52
 Dai-ichi Life Holdings Inc ,67
 Daicel Corp ,17
 Daifuku Co Ltd ,18
 Daiichi Sankyo Co Ltd ,78
 Daiichikosho Co Ltd ,2
 Daikin Industries Ltd ,70
 Daimler AG ,40
 Dairy Farm International Holdings Ltd ,6
 Daito Trust Construction Co Ltd ,19
 Daiwa House Industry Co Ltd ,59
 Daiwa House REIT Investment Corp ,3
 Daiwa Securities Group Inc ,63
 Dali Foods Group Co Ltd ,15
 Dalmia Bharat Ltd/India ,59
 Danaher Corp ,19
 Danone SA ,75
 Danske Bank A/S ,36
 Darden Restaurants Inc ,15
 Dassault Aviation SA ,24
 Dassault Systemes SE ,26
 Davide Campari-Milano SpA ,21
 DaVita Inc ,61
 DB Insurance Co Ltd ,66
 DBS Group Holdings Ltd ,64
 DCC PLC ,22
 Dechra Pharmaceuticals PLC ,16
 Deere & Co ,32
 Delivery Hero SE ,5
 Dell Technologies Inc ,32
 Delta Air Lines Inc ,55
 Delta Electronics Inc ,80
 Delta Electronics Thailand PCL ,78
 Demant A/S ,19
 Denka Co Ltd ,17
 Denso Corp ,43
 DENTSPLY SIRONA Inc ,21
 Dentsu Inc ,51
 Deutsche Bank AG ,48
 Deutsche Boerse AG ,66
 Deutsche Lufthansa AG ,55
 Deutsche Post AG ,72
 Deutsche Telekom AG ,86
 Deutsche Wohnen SE ,25
 Devon Energy Corp ,43
 DexCom Inc ,11
 Dexus ,90
 DGB Financial Group Inc ,63
 Diageo PLC ,86
 Dialog Group Bhd ,23
 Diamondback Energy Inc ,19
 DIC Corp ,71
 DiGi.Com Bhd ,25
 Digital Realty Trust Inc ,44
 Dino Polska SA ,19
 Direct Line Insurance Group PLC ,29
 Disco Corp ,30
 Discover Financial Services ,30
 Discovery Inc ,13
 Discovery Ltd ,32
 DISH Network Corp ,9
 Divi's Laboratories Ltd ,15
 DKSH Holding AG ,31
 DLF Ltd ,40
 DMCI Holdings Inc ,12
 DNB ASA ,43
 Dollar General Corp ,16
 Dollar Tree Inc ,12
 Dollarama Inc ,15
 Domain Holdings Australia Ltd ,14
 Dominion Energy Inc ,35
 Domino's Pizza Enterprises Ltd ,13
 Domino's Pizza Inc ,9
 Dongfeng Motor Group Co Ltd ,20
 Dongsuh Cos Inc ,0
 Doosan Bobcat Inc ,3
 Doosan Co Ltd ,73
 Doosan Heavy Industries & Construction Co Ltd ,66
 Doosan Infracore Co Ltd ,55
 Douglas Emmett Inc ,11
 Douzone Bizon Co Ltd ,0
 Dover Corp ,19
 Dow Inc ,76
 Downer EDI Ltd ,48
 DP World PLC ,54
 DR Horton Inc ,25
 Dr Reddy's Laboratories Ltd ,61
 DS Smith PLC ,40
 DSV PANALPINA A/S ,29
 DTE Energy Co ,31
 Dubai Islamic Bank PJSC ,7
 Dufry AG ,14
 Duke Energy Corp ,73
 Duke Realty Corp ,14
 DuluxGroup Ltd ,16
 DXC Technology Co ,48
 E*TRADE Financial Corp ,17
 E-MART Inc ,4
 E.ON SE ,36
 E.Sun Financial Holding Co Ltd ,85
 Eagle Materials Inc ,8
 East Japan Railway Co ,29
 East West Bancorp Inc ,12
 EastGroup Properties Inc ,5
 Eastman Chemical Co ,31
 easyJet PLC ,20
 Eaton Corp PLC ,27
 Ebara Corp ,52
 eBay Inc ,63
 Echeverria Izquierdo SA ,0
 Eclat Textile Co Ltd ,3
 Eclipx Group Ltd ,18
 Ecolab Inc ,71
 Ecopetrol SA ,29
 Ecopro Co Ltd ,1
 Edelweiss Financial Services Ltd ,15
 Edenred ,57
 Edison International ,21
 EDP - Energias de Portugal SA ,90
 EDP Renovaveis SA ,86
 Edwards Lifesciences Corp ,74
 Eicher Motors Ltd ,12
 Eiffage SA ,30
 Eisai Co Ltd ,68
 El Puerto de Liverpool SAB de CV ,26
 Elders Ltd ,9
 Electric Power Development Co Ltd ,22
 Electricite de France SA ,80
 Electricity Generating PCL ,71
 Electrocomponents PLC ,17
 Electrolux AB ,67
 Electronic Arts Inc ,14
 Elekta AB ,15
 Eli Lilly & Co ,30
 Elis SA ,27
 Elisa OYJ ,37
 Emaar Properties PJSC ,3
 Embotelladora Andina SA ,75
 Embraer SA ,63
 EMCOR Group Inc ,15
 Emeco Holdings Ltd ,13
 Emera Inc ,32
 Emerson Electric Co ,25
 Emirates Telecommunications Group Co PJSC ,6
 Empire Co Ltd ,11
 Empresa Constructora Moller y Perez-Cotapos SA ,1
 Empresa Electrica Pehuenche SA ,9
 Empresa Nacional de Telecomunicaciones SA ,60
 Empresa Siderurgica del Peru SAA ,3
 Empresas AquaChile SA ,21
 Empresas CMPC SA ,65
 Empresas COPEC SA ,63
 Empresas Gasco SA ,0
 Empresas Hites SA ,0
 Empresas La Polar SA ,1
 Empresas Lipigas SA ,12
 Empresas Tricot SA ,0
 EMS-Chemie Holding AG ,11
 Enaex SA ,61
 Enagas SA ,85
 Enbridge Inc ,42
 Encana Corp ,22
 Encompass Health Corp ,12
 Endesa SA ,83
 Enel Americas SA ,81
 Enel Chile SA ,84
 Enel Distribucion Peru SAA ,6
 Enel Generacion Chile SA ,27
 Enel Generacion Peru SAA ,5
 Enel SpA ,87
 Energizer Holdings Inc ,7
 Energy Absolute PCL ,47
 EnerSys ,10
 Engie Brasil Energia SA ,20
 Engie Energia Chile SA ,5
 Engie Energia Peru SA ,36
 Engie SA ,82
 Eni SpA ,44
 Enjoy SA ,39
 Enka Insaat ve Sanayi AS ,37
 ENN Energy Holdings Ltd ,16
 Entergy Corp ,75
 Envases DEL Pacifico ,1
 EOG Resources Inc ,25
 EPAM Systems Inc ,11
 Epiroc AB ,33
 EPR Properties ,6
 EQT Corp ,27
 Equatorial Energia SA ,2
 Equifax Inc ,11
 Equinix Inc ,43
 Equinor ASA ,47
 Equitrans Midstream Corp ,7
 Equity LifeStyle Properties Inc ,8
 Equity Residential ,27
 Eregli Demir ve Celik Fabrikalari TAS ,34
 Erste Group Bank AG ,52
 Essex Property Trust Inc ,10
 EssilorLuxottica SA ,55
 Essity AB ,80
 Estee Lauder Cos Inc ,29
 Estia Health Ltd ,15
 Etsy Inc ,46
 Eurazeo SE ,27
 Eurobank Ergasias SA ,33
 Eurofins Scientific SE ,19
 Euronet Worldwide Inc ,8
 Euronext NV ,34
 Eutelsat Communications SA ,30
 Eva Airways Corp ,22
 Everest Re Group Ltd ,14
 Evergrande Health Industry Group Ltd ,10
 Evergy Inc ,22
 Eversource Energy ,30
 Evolution Mining Ltd ,45
 Evonik Industries AG ,67
 Evotec SE ,8
 Evraz PLC ,53
 Exact Sciences Corp ,8
 Exelon Corp ,78
 EXOR NV ,23
 Expedia Group Inc ,15
 Expeditors International of Washington Inc ,25
 Experian PLC ,68
 Extra Space Storage Inc ,7
 Exxaro Resources Ltd ,49
 Exxon Mobil Corp ,37
 Ezaki Glico Co Ltd ,3
 F5 Networks Inc ,11
 Fabege AB ,27
 Facebook Inc ,15
 Fairfax Financial Holdings Ltd ,11
 FamilyMart Co Ltd ,35
 FANUC Corp ,11
 Far East Horizon Ltd ,16
 Far Eastern New Century Corp ,28
 Far EasTone Telecommunications Co Ltd ,88
 Fast Retailing Co Ltd ,57
 Fastenal Co ,14
 Fastighets AB Balder ,10
 Faurecia SE ,30
 Federal Realty Investment Trust ,10
 FedEx Corp ,34
 Feng TAY Enterprise Co Ltd ,17
 Ferguson PLC ,39
 Ferrari NV ,54
 Ferreycorp SAA ,43
 Ferrovial SA ,81
 FIBRA HD Servicios SC ,0
 Fibra MTY SAPI de CV ,1
 Fibra Shop Portafolios Inmobiliarios SAPI de CV ,1
 Fibra Uno Administracion SA de CV ,61
 FibroGen Inc ,12
 Fidelity National Financial Inc ,14
 Fidelity National Information Services Inc ,15
 Fifth Third Bancorp ,30
 Fila Korea Ltd ,2
 FinecoBank Banca Fineco SpA ,29
 Finning International Inc ,24
 FireEye Inc ,10
 Firmenich SA ,65
 First Abu Dhabi Bank PJSC ,46
 First Citizens BancShares Inc/NC ,10
 First Financial Bankshares Inc ,11
 First Financial Holding Co Ltd ,84
 First Industrial Realty Trust Inc ,5
 First Quantum Minerals Ltd ,17
 First Republic Bank/CA ,23
 First Solar Inc ,49
 FirstCash Inc ,10
 FirstEnergy Corp ,33
 Firstgroup PLC ,60
 FirstRand Ltd ,33
 Fiserv Inc ,28
 Fisher & Paykel Healthcare Corp Ltd ,45
 Five Below Inc ,6
 FleetCor Technologies Inc ,12
 Fletcher Building Ltd ,48
 Flex Ltd ,58
 Flight Centre Travel Group Ltd ,16
 FLIR Systems Inc ,11
 Flowers Foods Inc ,13
 Flowserve Corp ,23
 Flughafen Zurich AG ,14
 Fluor Corp ,42
 Flutter Entertainment PLC ,18
 FMC Corp ,30
 FNB Corp/PA ,14
 Fomento Economico Mexicano SAB de CV ,58
 Foot Locker Inc ,15
 Ford Motor Co ,30
 Ford Otomotiv Sanayi AS ,48
 Forestal Constructora y Comercial del Pacifico Sur SA ,0
 Formosa Chemicals & Fibre Corp ,24
 Formosa Petrochemical Corp ,18
 Formosa Plastics Corp ,25
 Formosa Taffeta Co Ltd ,24
 Fortescue Metals Group Ltd ,68
 Fortinet Inc ,12
 Fortis Inc/Canada ,24
 Fortive Corp ,15
 Fortress REIT Ltd ,17
 Fortum OYJ ,38
 Fortune Brands Home & Security Inc ,19
 Forus SA ,7
 Foschini Group Ltd ,22
 Fosun International Ltd ,14
 Foxconn Technology Co Ltd ,7
 Franco-Nevada Corp ,37
 Franklin Resources Inc ,22
 Fraport AG Frankfurt Airport Services Worldwide ,32
 Freeport-McMoRan Inc ,43
 Fresenius Medical Care AG & Co KGaA ,36
 Fresenius SE & Co KGaA ,39
 Fubon Financial Holding Co Ltd ,81
 FUCHS PETROLUB SE ,15
 Fuji Electric Co Ltd ,61
 FUJIFILM Holdings Corp ,76
 Fujitsu Ltd ,71
 Fukuoka Financial Group Inc ,8
 Fullshare Holdings Ltd ,13
 Fulton Financial Corp ,13
 Future Retail Ltd ,12
 Fuyao Glass Industry Group Co Ltd ,7
 G4S PLC ,29
 G8 Education Ltd ,16
 GAIL India Ltd ,55
 Galaxy Entertainment Group Ltd ,18
 Galaxy Resources Ltd ,14
 Galenica AG ,29
 Galp Energia SGPS SA ,82
 Gaming and Leisure Properties Inc ,6
 Gamuda Bhd ,21
 Gap Inc ,60
 Garmin Ltd ,13
 Gartner Inc ,13
 Gazprom PJSC ,36
 GDS Holdings Ltd ,5
 GEA Group AG ,32
 Geberit AG ,37
 Gecina SA ,74
 Geely Automobile Holdings Ltd ,24
 General Dynamics Corp ,19
 General Electric Co ,29
 General Mills Inc ,72
 General Motors Co ,76
 Genmab A/S ,15
 Genomma Lab Internacional SAB de CV ,29
 Gentera SAB de CV ,30
 Gentex Corp ,16
 Genting Bhd ,20
 Genting Malaysia Bhd ,23
 Genting Singapore Ltd ,22
 Genuine Parts Co ,15
 Georg Fischer AG ,26
 George Weston Ltd ,24
 Gerdau SA ,10
 Gestamp Automocion SA ,65
 Getlink SE ,40
 GF Securities Co Ltd ,12
 Giant Manufacturing Co Ltd ,2
 Gildan Activewear Inc ,77
 Gilead Sciences Inc ,44
 Givaudan SA ,40
 Gjensidige Forsikring ASA ,24
 Glanbia PLC ,13
 GlaxoSmithKline Consumer Healthcare Ltd ,16
 GlaxoSmithKline PLC ,90
 Glencore PLC ,42
 Glenmark Pharmaceuticals Ltd ,60
 Global Payments Inc ,11
 Globalwafers Co Ltd ,12
 Globe Life Inc ,18
 Globe Telecom Inc ,34
 Globus Medical Inc ,9
 Glow Energy PCL ,23
 GLP J-Reit ,3
 GMexico Transportes SAB de CV ,15
 GN Store Nord A/S ,15
 GoDaddy Inc ,10
 Godrej Consumer Products Ltd ,72
 Golar LNG Ltd ,8
 Gold Fields Ltd ,79
 Golden Agri-Resources Ltd ,41
 Goldman Sachs Group Inc ,39
 Goodman Group ,12
 Goodyear Tire & Rubber Co ,39
 GPT Group ,82
 Graco Inc ,11
 Graham Holdings Co ,11
 GrainCorp Ltd ,19
 Grana y Montero SAA ,42
 Grand Canyon Education Inc ,10
 Grand City Properties SA ,35
 Grand Korea Leisure Co Ltd ,1
 Graphic Packaging Holding Co ,20
 Grasim Industries Ltd ,54
 Great Wall Motor Co Ltd ,14
 Great-West Lifeco Inc ,25
 Green Cross Corp/South Korea ,8
 Green Cross Holdings Corp ,5
 Green Dot Corp ,12
 Grifols SA ,27
 Groupe Bruxelles Lambert SA ,15
 Growthpoint Properties Australia Ltd ,30
 Growthpoint Properties Ltd ,52
 GrubHub Inc ,7
 Gruma SAB de CV ,9
 Grupa Lotos SA ,21
 Grupo Aeroportuario del Centro Norte SAB de CV ,41
 Grupo Aeroportuario del Pacifico SAB de CV ,13
 Grupo Aeroportuario del Sureste SAB de CV ,35
 Grupo Argos SA/Colombia ,88
 Grupo Aval Acciones y Valores SA ,7
 Grupo Bimbo SAB de CV ,40
 Grupo Carso SAB de CV ,8
 Grupo Cementos de Chihuahua SAB de CV ,16
 Grupo Comercial Chedraui SA de CV ,1
 Grupo de Inversiones Suramericana SA ,73
 Grupo Elektra SAB DE CV ,33
 Grupo Energia Bogota SA ESP ,67
 Grupo Financiero Banorte SAB de CV ,61
 Grupo Financiero Inbursa SAB de CV ,1
 Grupo GICSA SAB de CV ,22
 Grupo Herdez SAB de CV ,44
 Grupo Lala SAB de CV ,27
 Grupo Mexico SAB de CV ,52
 Grupo Nutresa SA ,84
 Grupo Rotoplas SAB de CV ,58
 Grupo Security SA ,33
 Grupo Simec SAB de CV ,5
 Grupo Televisa SAB ,46
 GS Engineering & Construction Corp ,70
 GS Holdings Corp ,3
 GS Retail Co Ltd ,2
 GT Capital Holdings Inc ,22
 Guangdong Investment Ltd ,10
 Guangzhou Automobile Group Co Ltd ,1
 Guangzhou R&F Properties Co Ltd ,14
 GUD Holdings Ltd ,11
 Gudang Garam Tbk PT ,9
 Guidewire Software Inc ,9
 Gulf Energy Development PCL ,49
 Guotai Junan Securities Co Ltd ,9
 GVC Holdings PLC ,59
 GW Pharmaceuticals PLC ,12
 GWA Group Ltd ,15
 H Lundbeck A/S ,25
 H&R Block Inc ,18
 Haci Omer Sabanci Holding AS ,21
 Haemonetics Corp ,11
 Haier Electronics Group Co Ltd ,16
 Haitian International Holdings Ltd ,15
 Haitong Securities Co Ltd ,11
 Hakuhodo DY Holdings Inc ,18
 Halliburton Co ,53
 Halma PLC ,27
 Hamamatsu Photonics KK ,29
 Hammerson PLC ,71
 Hana Financial Group Inc ,62
 Hana Tour Service Inc ,2
 Hanall Biopharma Co Ltd ,1
 Hancock Whitney Corp ,16
 Hanesbrands Inc ,23
 Hang Lung Properties Ltd ,56
 Hang Seng Bank Ltd ,67
 Hanjaya Mandala Sampoerna Tbk PT ,13
 Hankook Tire & Technology Co Ltd ,78
 Hankyu Hanshin Holdings Inc ,9
 Hanmi Pharm Co Ltd ,5
 Hanmi Science Co ltd ,4
 Hannover Rueck SE ,43
 Hanon Systems ,26
 Hanover Insurance Group Inc ,11
 Hansol Chemical Co Ltd ,0
 Hanssem Co Ltd ,2
 Hanwha Aerospace Co Ltd ,5
 Hanwha Chemical Corp ,4
 Hanwha Corp ,7
 Hanwha Life Insurance Co Ltd ,6
 HAP Seng Consolidated Bhd ,17
 Hapvida Participacoes e Investimentos SA ,0
 Hargreaves Lansdown PLC ,32
 Harim Holdings Co Ltd ,2
 Harley-Davidson Inc ,19
 Hartalega Holdings Bhd ,18
 Hartford Financial Services Group Inc ,64
 Harvey Norman Holdings Ltd ,12
 Hasbro Inc ,45
 Haseko Corp ,4
 Havells India Ltd ,67
 Hays PLC ,18
 HCA Healthcare Inc ,16
 HCL Technologies Ltd ,21
 HDC Hyundai Development Co-Engineering & Construction ,2
 HDFC Bank Ltd ,43
 HDFC Life Insurance Co Ltd ,14
 Healius Ltd ,12
 Healthcare Realty Trust Inc ,10
 Healthcare Services Group Inc ,8
 Healthpeak Properties Inc ,68
 Healthscope Ltd ,34
 HEICO Corp ,5
 HeidelbergCement AG ,68
 Heineken Holding NV ,75
 Heineken NV ,75
 Helixmith Co Ltd ,6
 Helmerich & Payne Inc ,14
 Helvetia Holding AG ,17
 Henderson Land Development Co Ltd ,20
 Hengan International Group Co Ltd ,16
 Henkel AG & Co KGaA ,73
 Hennes & Mauritz AB ,69
 Henry Schein Inc ,21
 Hera SpA ,68
 Herman Miller Inc ,57
 Hermes International ,25
 Hero MotoCorp Ltd ,46
 Hershey Co ,75
 Hess Corp ,67
 Hewlett Packard Enterprise Co ,90
 Hexagon AB ,15
 Hexcel Corp ,18
 Highwealth Construction Corp ,0
 Highwoods Properties Inc ,18
 Hikari Tsushin Inc ,2
 Hill-Rom Holdings Inc ,11
 Hilton Worldwide Holdings Inc ,79
 Hindalco Industries Ltd ,60
 Hindustan Petroleum Corp Ltd ,32
 Hindustan Unilever Ltd ,17
 Hindustan Zinc Ltd ,77
 Hino Motors Ltd ,22
 Hirose Electric Co Ltd ,21
 Hisamitsu Pharmaceutical Co Inc ,11
 Hiscox Ltd ,31
 Hitachi Construction Machinery Co Ltd ,62
 Hitachi Ltd ,37
 Hitachi Metals Ltd ,13
 Hite Jinro Co Ltd ,2
 Hiwin Technologies Corp ,8
 HK Electric Investments & HK Electric Investments Ltd ,32
 HKT Trust & HKT Ltd ,21
 HLB Inc ,0
 HOCHTIEF AG ,76
 HollyFrontier Corp ,22
 Hologic Inc ,36
 Home Depot Inc ,31
 Home Product Center PCL ,67
 HomeServe PLC ,14
 Hon Hai Precision Industry Co Ltd ,28
 Honda Motor Co Ltd ,80
 Honeywell International Inc ,21
 Hong Kong & China Gas Co Ltd ,33
 Hong Kong Exchanges & Clearing Ltd ,59
 Hong Leong Bank Bhd ,30
 Hong Leong Financial Group Bhd ,17
 Hongkong Land Holdings Ltd ,14
 Horizon Therapeutics Plc ,13
 Hormel Foods Corp ,34
 Hortifrut SA ,7
 Host Hotels & Resorts Inc ,69
 Hotai Motor Co Ltd ,7
 Hotel Shilla Co Ltd ,1
 Hoteles City Express SAB de CV ,9
 House Foods Group Inc ,5
 Housing Development Finance Corp Ltd ,17
 Howden Joinery Group PLC ,19
 Hoya Corp ,19
 HP Inc ,86
 HSBC Holdings PLC ,39
 Hua Nan Financial Holdings Co Ltd ,48
 Huaneng Power International Inc ,10
 Huaneng Renewables Corp Ltd ,13
 Huatai Securities Co Ltd ,19
 Huazhu Group Ltd ,8
 Hubbell Inc ,11
 HubSpot Inc ,11
 Hudson Pacific Properties Inc ,14
 Hugel Inc ,1
 HUGO BOSS AG ,77
 Huhtamaki OYJ ,51
 Hulic Co Ltd ,32
 Humana Inc ,62
 Huntington Bancshares Inc/OH ,34
 Huntington Ingalls Industries Inc ,16
 Huntsman Corp ,20
 Husky Energy Inc ,31
 Husqvarna AB ,28
 Hyatt Hotels Corp ,20
 Hydro One Ltd ,17
 Hypera SA ,9
 Hyprop Investments Ltd ,26
 Hysan Development Co Ltd ,26
 Hyundai Construction Equipment Co Ltd ,2
 Hyundai Department Store Co Ltd ,0
 Hyundai Elevator Co Ltd ,20
 Hyundai Engineering & Construction Co Ltd ,80
 Hyundai Glovis Co Ltd ,76
 Hyundai Greenfood Co Ltd ,0
 Hyundai Heavy Industries Holdings Co Ltd ,6
 Hyundai Home Shopping Network Corp ,0
 Hyundai Marine & Fire Insurance Co Ltd ,6
 Hyundai Merchant Marine Co Ltd ,6
 Hyundai Mipo Dockyard Co Ltd ,3
 Hyundai Mobis Co Ltd ,69
 Hyundai Motor Co ,60
 Hyundai Rotem Co Ltd ,3
 Hyundai Steel Co ,75
 Hyundai Wia Corp ,4
 IAC/InterActiveCorp ,6
 Iberdrola SA ,87
 IBERIABANK Corp ,17
 Ibiden Co Ltd ,51
 ICA Gruppen AB ,66
 ICICI Bank Ltd ,18
 ICICI Lombard General Insurance Co Ltd ,14
 ICICI Prudential Life Insurance Co Ltd ,14
 ICON PLC ,10
 ICU Medical Inc ,5
 Idemitsu Kosan Co Ltd ,43
 IDEX Corp ,13
 IDEXX Laboratories Inc ,21
 IDP Education Ltd ,13
 IG Group Holdings PLC ,13
 IHH Healthcare Bhd ,34
 IHI Corp ,47
 IHS Markit Ltd ,51
 Iida Group Holdings Co Ltd ,1
 Iljin Materials Co Ltd ,1
 Illinois Tool Works Inc ,31
 Illumina Inc ,51
 Iluka Resources Ltd ,57
 IMCD NV ,18
 IMI PLC ,21
 IMMOFINANZ AG ,14
 Impala Platinum Holdings Ltd ,37
 Imperial Brands PLC ,45
 Imperial Oil Ltd ,26
 Incitec Pivot Ltd ,69
 Incyte Corp ,16
 Indah Kiat Pulp & Paper Corp Tbk PT ,16
 Independence Group NL ,55
 Indiabulls Housing Finance Ltd ,16
 Indiabulls Ventures Ltd ,15
 Indian Hotels Co Ltd ,27
 Indian Oil Corp Ltd ,26
 Indocement Tunggal Prakarsa Tbk PT ,22
 Indofood CBP Sukses Makmur Tbk PT ,12
 Indofood Sukses Makmur Tbk PT ,10
 Indorama Ventures PCL ,86
 Indra Sistemas SA ,65
 IndusInd Bank Ltd ,55
 Industria de Diseno Textil SA ,68
 Industrial & Commercial Bank of China Ltd ,27
 Industrial Bank of Korea ,45
 Industrias Bachoco SAB de CV ,7
 Industrias CH SAB de CV ,1
 Industrias Penoles SAB de CV ,25
 Industries Qatar QSC ,4
 Industrivarden AB ,29
 Infigen Energy ,22
 Infineon Technologies AG ,79
 Informa PLC ,65
 Infosys Ltd ,71
 Infraestructura Energetica Nova SAB de CV ,61
 ING Bank Slaski SA ,21
 ING Groep NV ,64
 Ingenico Group SA ,48
 Ingersoll-Rand PLC ,75
 Ingevec SA ,1
 Ingevity Corp ,35
 Inghams Group Ltd ,10
 Ingredion Inc ,17
 Inmarsat PLC ,40
 Inmobiliaria Colonial Socimi SA ,56
 Innocean Worldwide Inc ,6
 Innolux Corp ,74
 Inpex Corp ,60
 InRetail Peru Corp ,33
 Instituto de Diagnostico SA ,1
 Insulet Corp ,10
 Insurance Australia Group Ltd ,67
 Intact Financial Corp ,22
 Integra LifeSciences Holdings Corp ,9
 Intel Corp ,39
 Inter Pipeline Ltd ,22
 Inter RAO UES PJSC ,38
 Interactive Brokers Group Inc ,11
 Interconexion Electrica SA ESP ,75
 Intercontinental Exchange Inc ,30
 InterContinental Hotels Group PLC ,77
 Intercorp Financial Services Inc ,8
 InterGlobe Aviation Ltd ,13
 InterGlobe Aviation Ltd ,12
 International Business Machines Corp ,46
 International Consolidated Airlines Group SA ,29
 International Container Terminal Services Inc ,17
 International Flavors & Fragrances Inc ,71
 International Paper Co ,29
 Interpublic Group of Cos Inc ,36
 Interpump Group SpA ,28
 Intertek Group PLC ,31
 InterXion Holding NV ,7
 Intesa Sanpaolo SpA ,78
 Intouch Holdings PCL ,28
 Intu Properties PLC ,68
 Intuit Inc ,27
 Intuitive Surgical Inc ,12
 Inventec Corp ,27
 Invercap SA ,1
 Invermar SA ,0
 Inversiones Aguas Metropolitanas SA ,67
 Inversiones Centenario ,1
 Inversiones La Construccion SA ,49
 Invesco Ltd ,29
 Investec PLC ,67
 Investor AB ,26
 Invitation Homes Inc ,7
 InvoCare Ltd ,15
 IOI Corp Bhd ,23
 IOOF Holdings Ltd ,21
 IPG Photonics Corp ,10
 IPH Ltd ,9
 Ipsen SA ,51
 iQIYI Inc ,4
 IQVIA Holdings Inc ,16
 IRB Brasil Resseguros S/A ,4
 IRESS Ltd ,20
 Iron Mountain Inc ,52
 IRPC PCL ,88
 Isetan Mitsukoshi Holdings Ltd ,21
 Israel Chemicals Ltd ,32
 Israel Discount Bank Ltd ,28
 ISS A/S ,59
 Isuzu Motors Ltd ,20
 Italgas SpA ,67
 Itau CorpBanca ,63
 Itau Unibanco Holding SA ,81
 Itausa - Investimentos Itau SA ,83
 ITC Ltd ,35
 Ito En Ltd ,15
 ITOCHU Corp ,81
 ITT Inc ,20
 ITV PLC ,30
 Izumi Co Ltd ,4
 J Front Retailing Co Ltd ,20
 J Sainsbury PLC ,26
 j2 Global Inc ,8
 Jack Henry & Associates Inc ,12
 Jacobs Engineering Group Inc ,38
 James Hardie Industries PLC ,15
 Janus Henderson Group PLC ,46
 Japan Airlines Co Ltd ,56
 Japan Airport Terminal Co Ltd ,4
 Japan Exchange Group Inc ,27
 Japan Hotel REIT Investment Corp ,1
 Japan Post Bank Co Ltd ,26
 Japan Post Holdings Co Ltd ,16
 Japan Prime Realty Investment Corp ,4
 Japan Real Estate Investment Corp ,10
 Japan Retail Fund Investment Corp ,8
 Japan Tobacco Inc ,76
 Jardine Cycle & Carriage Ltd ,18
 Jardine Matheson Holdings Ltd ,6
 Jardine Strategic Holdings Ltd ,6
 Jazz Pharmaceuticals PLC ,16
 JB Financial Group Co Ltd ,37
 JB Hi-Fi Ltd ,16
 JB Hunt Transport Services Inc ,12
 JBS SA ,19
 JCDecaux SA ,43
 JD.com Inc ,7
 Jefferies Financial Group Inc ,19
 Jeronimo Martins SGPS SA ,33
 JFE Holdings Inc ,16
 JG Summit Holdings Inc ,7
 JGC Holdings Corp ,15
 Jiangsu Expressway Co Ltd ,20
 Jiangxi Copper Co Ltd ,13
 JM Smucker Co ,25
 John Wood Group PLC ,24
 Johnson Controls International plc ,67
 Johnson Matthey PLC ,66
 Jollibee Foods Corp ,9
 Jones Lang LaSalle Inc ,57
 JPMorgan Chase & Co ,37
 JSE Ltd ,25
 JSR Corp ,55
 JSW Steel Ltd ,55
 JTEKT Corp ,21
 Jubilant Foodworks Ltd ,13
 Julius Baer Group Ltd ,59
 JUMBO SA ,8
 Juniper Networks Inc ,28
 JXTG Holdings Inc ,35
 K's Holdings Corp ,4
 K+S AG ,35
 Kagome Co Ltd ,16
 Kajima Corp ,53
 Kakaku.com Inc ,3
 Kakao Corp ,3
 Kalbe Farma Tbk PT ,16
 Kamigumi Co Ltd ,5
 Kaneka Corp ,10
 Kangwon Land Inc ,4
 Kansai Electric Power Co Inc ,61
 Kansai Paint Co Ltd ,10
 Kansas City Southern ,35
 Kao Corp ,78
 KAP Industrial Holdings Ltd ,26
 KAR Auction Services Inc ,8
 Kasikornbank PCL ,82
 Kawasaki Heavy Industries Ltd ,65
 Kawasaki Kisen Kaisha Ltd ,42
 KB Financial Group Inc ,80
 KBC Group NV ,72
 KCC Corp ,21
 KDDI Corp ,52
 Keihan Holdings Co Ltd ,9
 Keikyu Corp ,1
 Keio Corp ,4
 Keisei Electric Railway Co Ltd ,2
 Kellogg Co ,74
 Kemper Corp ,10
 Kenedix Office Investment Corp ,11
 Kennametal Inc ,13
 KEPCO Plant Service & Engineering Co Ltd ,35
 Keppel Corp Ltd ,45
 Kering SA ,81
 Kerry Group PLC ,27
 Kesko OYJ ,75
 Keurig Dr Pepper Inc ,37
 Kewpie Corp ,11
 KeyCorp ,33
 Keyence Corp ,2
 Keyera Corp ,44
 Keysight Technologies Inc ,43
 KGHM Polska Miedz SA ,15
 Kia Motors Corp ,25
 Kikkoman Corp ,21
 Kilroy Realty Corp ,75
 Kimberly-Clark Corp ,31
 Kimberly-Clark de Mexico SAB de CV ,56
 Kimco Realty Corp ,65
 Kinden Corp ,4
 Kinder Morgan Inc/DE ,26
 Kindred Group PLC ,33
 Kingboard Holdings Ltd ,12
 Kingdee International Software Group Co Ltd ,10
 Kingfisher PLC ,42
 Kingsoft Corp Ltd ,14
 Kingspan Group PLC ,39
 Kinnevik AB ,30
 Kinross Gold Corp ,69
 Kintetsu Group Holdings Co Ltd ,33
 KION Group AG ,41
 Kirby Corp ,7
 Kirin Holdings Co Ltd ,25
 Kirkland Lake Gold Ltd ,7
 KIWOOM Securities Co Ltd ,1
 KLA Corp ,22
 Klabin SA ,28
 Klepierre SA ,43
 Knight-Swift Transportation Holdings Inc ,6
 Kobayashi Pharmaceutical Co Ltd ,8
 Kobe Steel Ltd ,13
 KOC Holding AS ,29
 Koh Young Technology Inc ,1
 Kohl's Corp ,49
 Koito Manufacturing Co Ltd ,9
 Kolmar Korea Co Ltd ,0
 Kolon Industries Inc ,3
 Kolon Life Science Inc ,4
 Kolon TissueGene Inc ,5
 Komatsu Ltd ,73
 Komercni banka as ,34
 Komipharm International Co Ltd ,4
 Konami Holdings Corp ,7
 Kone OYJ ,46
 Konica Minolta Inc ,88
 Koninklijke Ahold Delhaize NV ,69
 Koninklijke DSM NV ,74
 Koninklijke KPN NV ,90
 Koninklijke Philips NV ,82
 Koninklijke Vopak NV ,54
 Korea Aerospace Industries Ltd ,4
 Korea Electric Power Corp ,59
 Korea Gas Corp ,63
 Korea Investment Holdings Co Ltd ,3
 Korea Shipbuilding & Offshore Engineering Co Ltd ,13
 Korea Zinc Co Ltd ,2
 Korean Air Lines Co Ltd ,21
 Korean Reinsurance Co ,5
 Kose Corp ,9
 Kotak Mahindra Bank Ltd ,24
 Kraft Heinz Co ,48
 Kroger Co ,46
 Krung Thai Bank PCL ,39
 KT Corp ,78
 KT&G Corp ,21
 Kuala Lumpur Kepong Bhd ,25
 Kubota Corp ,63
 Kuehne + Nagel International AG ,36
 Kumba Iron Ore Ltd ,37
 Kumho Petrochemical Co Ltd ,4
 Kumho Tire Co Inc ,1
 Kunlun Energy Co Ltd ,15
 Kuraray Co Ltd ,29
 Kurita Water Industries Ltd ,33
 KWG Group Holdings Ltd ,11
 Kyocera Corp ,57
 Kyowa Exeo Corp ,17
 Kyowa Kirin Co Ltd ,14
 Kyudenko Corp ,1
 Kyushu Electric Power Co Inc ,24
 Kyushu Railway Co ,14
 L Brands Inc ,23
 L&F Co Ltd ,3
 L&T Finance Holdings Ltd ,37
 L'Oreal SA ,39
 L3Harris Technologies Inc ,18
 La Comer SAB de CV ,14
 Laboratory Corp of America Holdings ,16
 LafargeHolcim Ltd ,75
 Lagardere SCA ,59
 Lam Research Corp ,33
 Lamb Weston Holdings Inc ,7
 Land & Houses PCL ,10
 Land Securities Group PLC ,82
 Landstar System Inc ,6
 LANXESS AG ,85
 Largan Precision Co Ltd ,1
 Larsen & Toubro Ltd ,45
 Las Vegas Sands Corp ,63
 Latam Airlines Group SA ,75
 Lawson Inc ,22
 Lazard Ltd ,21
 Lear Corp ,21
 LEG Immobilien AG ,25
 Legal & General Group PLC ,33
 Legend Holdings Corp ,17
 Leggett & Platt Inc ,11
 Legrand SA ,80
 Leidos Holdings Inc ,21
 LendLease Group ,63
 Lennar Corp ,8
 Lenovo Group Ltd ,54
 Leonardo SpA ,83
 Leroy Seafood Group ASA ,15
 LG Chem Ltd ,68
 LG Corp ,7
 LG Display Co Ltd ,55
 LG Electronics Inc ,78
 LG Hausys Ltd ,56
 LG Household & Health Care Ltd ,81
 LG Innotek Co Ltd ,57
 LG Uplus Corp ,23
 Li & Fung Ltd ,56
 Li Ning Co Ltd ,17
 Liberty Broadband Corp ,5
 Liberty Global PLC ,65
 Liberty Holdings Ltd ,29
 Liberty Media Corp-Liberty Formula One ,5
 Liberty Media Corp-Liberty SiriusXM ,6
 Liberty Property Trust ,9
 LIC Housing Finance Ltd ,14
 Life Healthcare Group Holdings Ltd ,28
 Life Storage Inc ,6
 Ligand Pharmaceuticals Inc ,8
 Lincoln Electric Holdings Inc ,21
 Lincoln National Corp ,57
 Linde PLC ,86
 LINE Corp ,8
 Link Administration Holdings Ltd ,26
 Link REIT ,48
 Linx SA ,3
 Lion Corp ,63
 Lite-On Technology Corp ,79
 Littelfuse Inc ,10
 LivaNova PLC ,16
 Live Nation Entertainment Inc ,10
 LIXIL Group Corp ,80
 LKQ Corp ,11
 Lloyds Banking Group PLC ,43
 Loblaw Cos Ltd ,23
 Localiza Rent a Car SA ,18
 Lockheed Martin Corp ,70
 Loews Corp ,16
 Logan Property Holdings Co Ltd ,15
 Logitech International SA ,27
 Lojas Americanas SA ,25
 Lojas Renner SA ,61
 London Stock Exchange Group PLC ,61
 Longfor Group Holdings Ltd ,7
 Lonza Group AG ,25
 Lotte Chemical Corp ,48
 Lotte Corp ,1
 Louisiana-Pacific Corp ,12
 Lowe's Cos Inc ,44
 LPP SA ,17
 LS Corp ,1
 LS Industrial Systems Co Ltd ,17
 LUKOIL PJSC ,30
 Lululemon Athletica Inc ,13
 Lumentum Holdings Inc ,9
 Lundin Petroleum AB ,37
 Lupin Ltd ,11
 Luye Pharma Group Ltd ,17
 Luz del Sur SAA ,11
 LVMH Moet Hennessy Louis Vuitton SE ,37
 Lynas Corp Ltd ,15
 LyondellBasell Industries NV ,26
 M Dias Branco SA ,26
 M&T Bank Corp ,17
 M3 Inc ,3
 Macerich Co ,21
 Macquarie Group Ltd ,39
 Macquarie Mexico Real Estate Management SA de CV ,27
 Macronix International ,34
 Macy's Inc ,29
 Madison Square Garden Co ,5
 Magazine Luiza SA ,12
 Magellan Financial Group Ltd ,21
 Magna International Inc ,19
 Magnit PJSC ,9
 Magnitogorsk Iron & Steel Works PJSC ,13
 Mahindra & Mahindra Financial Services Ltd ,58
 Mahindra & Mahindra Ltd ,75
 Makalot Industrial Co Ltd ,13
 MakeMyTrip Ltd ,6
 Makita Corp ,11
 Malayan Banking Bhd ,38
 Malaysia Airports Holdings Bhd ,46
 Mando Corp ,25
 Manhattan Associates Inc ,9
 Manila Electric Co ,13
 ManpowerGroup Inc ,62
 Manulife Financial Corp ,53
 Mapfre SA ,76
 Mapletree Commercial Trust ,17
 Mapletree Logistics Trust ,17
 Marathon Oil Corp ,32
 Marathon Petroleum Corp ,45
 Marico Ltd ,21
 Markel Corp ,11
 MarketAxess Holdings Inc ,16
 Marks & Spencer Group PLC ,41
 Marriott International Inc/MD ,58
 Marriott Vacations Worldwide Corp ,14
 Marsh & McLennan Cos Inc ,21
 Martin Marietta Materials Inc ,16
 Marubeni Corp ,68
 Marui Group Co Ltd ,67
 Maruichi Steel Tube Ltd ,3
 Maruti Suzuki India Ltd ,23
 Marvell Technology Group Ltd ,12
 Masco Corp ,23
 Masimo Corp ,13
 Masisa SA ,2
 Masraf Al Rayan QSC ,9
 Mastercard Inc ,58
 Matsumotokiyoshi Holdings Co Ltd ,2
 Mattel Inc ,14
 Maxim Integrated Products Inc ,27
 MAXIMUS Inc ,40
 Maxis Bhd ,20
 Mayne Pharma Group Ltd ,16
 Mazda Motor Corp ,72
 mBank SA ,24
 McCormick & Co Inc/MD ,57
 McDonald's Corp ,28
 McDonald's Holdings Co Japan Ltd ,1
 McKesson Corp ,29
 McMillan Shakespeare Ltd ,19
 Mebuki Financial Group Inc ,6
 MediaTek Inc ,28
 Medibank Pvt Ltd ,54
 Medical Properties Trust Inc ,5
 Mediclinic International PLC ,40
 Mediobanca Banca di Credito Finanziario SpA ,45
 Medipal Holdings Corp ,10
 Medipost Co Ltd ,1
 MEDNAX Inc ,12
 Medtronic PLC ,67
 Medy-Tox Inc ,0
 Mega Financial Holding Co Ltd ,48
 Megacable Holdings SAB de CV ,3
 Megaworld Corp ,7
 MEIJI Holdings Co Ltd ,55
 Melco Resorts & Entertainment Ltd ,20
 Melia Hotels International SA ,83
 Melrose Industries PLC ,16
 Merck & Co Inc ,40
 Merck KGaA ,36
 Meridian Energy Ltd ,65
 Merit Medical Systems Inc ,13
 Meritz Fire & Marine Insurance Co Ltd ,0
 Meritz Securities Co Ltd ,19
 Merlin Entertainments PLC ,20
 Merlin Properties Socimi SA ,34
 Metcash Ltd ,18
 Methanex Corp ,24
 MetLife Inc ,56
 METRO AG ,82
 Metro Inc/CN ,24
 Metro Pacific Investments Corp ,34
 Metropolitan Bank & Trust Co ,14
 Metso OYJ ,31
 Mettler-Toledo International Inc ,35
 Mezzion Pharma Co Ltd ,4
 MFA Financial Inc ,9
 MGIC Investment Corp ,12
 MGM Resorts International ,25
 Micro Focus International PLC ,18
 Micro-Star International Co Ltd ,30
 Microchip Technology Inc ,24
 Micron Technology Inc ,41
 Microsoft Corp ,57
 Mid-America Apartment Communities Inc ,8
 Middleby Corp ,14
 Millicom International Cellular SA ,28
 MINEBEA MITSUMI Inc ,29
 Minera Valparaiso SA ,1
 Mineral Resources Ltd ,13
 Minor International PCL ,66
 Minsur SA ,16
 Minth Group Ltd ,18
 Mirae Asset Daewoo Co Ltd ,69
 Mirvac Group ,72
 MISC Bhd ,40
 MISUMI Group Inc ,5
 Mitr Phol Sugar Corporation Limited ,73
 Mitsubishi Chemical Holdings Corp ,80
 Mitsubishi Corp ,37
 Mitsubishi Electric Corp ,39
 Mitsubishi Estate Co Ltd ,47
 Mitsubishi Gas Chemical Co Inc ,16
 Mitsubishi Heavy Industries Ltd ,73
 Mitsubishi Materials Corp ,51
 Mitsubishi Motors Corp ,26
 Mitsubishi Tanabe Pharma Corp ,68
 Mitsubishi UFJ Financial Group Inc ,49
 Mitsubishi UFJ Lease & Finance Co Ltd ,18
 Mitsui & Co Ltd ,70
 Mitsui Chemicals Inc ,68
 Mitsui Fudosan Co Ltd ,25
 Mitsui OSK Lines Ltd ,19
 Miura Co Ltd ,2
 Mizrahi Tefahot Bank Ltd ,27
 Mizuho Financial Group Inc ,65
 MKS Instruments Inc ,8
 MMC Norilsk Nickel PJSC ,37
 Mobile TeleSystems PJSC ,20
 Modern Times Group MTG AB ,42
 Mohawk Industries Inc ,21
 MOL Hungarian Oil & Gas PLC ,70
 Molibdenos y Metales SA ,1
 Molina Healthcare Inc ,11
 Molson Coors Brewing Co ,66
 Momentum Metropolitan Holdings ,30
 Momo Inc ,5
 Monadelphous Group Ltd ,22
 Moncler SpA ,85
 Mondelez International Inc ,77
 Mondi PLC ,65
 Moneta Money Bank AS ,20
 Monolithic Power Systems Inc ,8
 MonotaRO Co Ltd ,2
 Monster Beverage Corp ,7
 Moody's Corp ,41
 Morgan Stanley ,35
 Morinaga & Co Ltd/Japan ,13
 Mosaic Co ,35
 Moscow Exchange MICEX-RTS PJSC ,26
 Motherson Sumi Systems Ltd ,13
 Motor Oil Hellas Corinth Refineries SA ,24
 Motorola Solutions Inc ,35
 Motus Holdings Ltd ,23
 Mowi ASA ,21
 Mr Price Group Ltd ,22
 MS&AD Insurance Group Holdings Inc ,77
 MSA Safety Inc ,9
 MSC Industrial Direct Co Inc ,17
 MSCI Inc ,18
 MTN Group Ltd ,28
 MTR Corp Ltd ,64
 MTU Aero Engines AG ,33
 Muenchener Rueckversicherungs-Gesellschaft AG in Muenchen ,79
 Multiexport Foods SA ,51
 Multiplan Empreendimentos Imobiliarios SA ,12
 Murata Manufacturing Co Ltd ,35
 Mylan NV ,19
 Nabtesco Corp ,78
 Nagoya Railroad Co Ltd ,0
 Nan Ya Plastics Corp ,11
 Nankai Electric Railway Co Ltd ,15
 Nanosonics Ltd ,12
 Nanya Technology Corp ,86
 Nasdaq Inc ,46
 Naspers Ltd ,12
 National Australia Bank Ltd ,79
 National Bank of Canada ,44
 National Grid PLC ,44
 National Instruments Corp ,16
 National Oilwell Varco Inc ,14
 National Retail Properties Inc ,4
 National Storage REIT ,19
 Natixis SA ,36
 Natura Cosmeticos SA ,70
 Naturgy Energy Group SA ,82
 NAVER Corp ,12
 NCR Corp ,12
 NCSoft Corp ,18
 NEC Corp ,77
 Nedbank Group Ltd ,76
 Nektar Therapeutics ,14
 Nemak SAB de CV ,43
 Neogen Corp ,8
 NEPI Rockcastle PLC ,20
 Neste Oyj ,83
 Nestle India Ltd ,21
 Nestle Malaysia Bhd ,36
 Nestle SA ,81
 NetApp Inc ,30
 Netcare Ltd ,49
 NetEase Inc ,19
 Netflix Inc ,9
 Netmarble Corp ,3
 Neurocrine Biosciences Inc ,11
 New China Life Insurance Co Ltd ,9
 New Hope Corp Ltd ,11
 New Jersey Resources Corp ,13
 New Oriental Education & Technology Group Inc ,9
 New Relic Inc ,8
 New Residential Investment Corp ,7
 New World Development Co Ltd ,63
 New York Community Bancorp Inc ,14
 New York Times Co ,8
 Newcrest Mining Ltd ,54
 Newell Brands Inc ,13
 NewMarket Corp ,7
 Newmont Goldcorp Corp ,84
 News Corp ,23
 Nexa Resources Atacocha SAA ,1
 Nexa Resources Peru SAA ,30
 Nexity SA ,52
 Nexon Co Ltd ,8
 Nexstar Media Group Inc ,9
 Next PLC ,36
 NEXTDC Ltd ,25
 NextEra Energy Inc ,28
 NGK Insulators Ltd ,56
 NGK Spark Plug Co Ltd ,67
 NH Foods Ltd ,51
 NH Hotel Group SA ,71
 NH Investment & Securities Co Ltd ,20
 nib holdings Ltd/Australia ,44
 Nibe Industrier AB ,25
 Nice Ltd ,11
 Nichirei Corp ,46
 Nidec Corp ,22
 Nielsen Holdings PLC ,66
 Nien Made Enterprise Co Ltd ,30
 Nifco Inc/Japan ,1
 Nihon Kohden Corp ,13
 Nihon M&A Center Inc ,2
 NIKE Inc ,59
 Nikon Corp ,66
 Nine Dragons Paper Holdings Ltd ,9
 Nine Entertainment Co Holdings Ltd ,15
 Nintendo Co Ltd ,15
 Nippon Building Fund Inc ,5
 Nippon Electric Glass Co Ltd ,14
 Nippon Express Co Ltd ,25
 Nippon Kayaku Co Ltd ,29
 Nippon Paint Holdings Co Ltd ,18
 Nippon Prologis REIT Inc ,65
 Nippon Shinyaku Co Ltd ,14
 Nippon Shokubai Co Ltd ,12
 Nippon Steel Corp ,16
 Nippon Telegraph & Telephone Corp ,84
 Nippon Yusen KK ,65
 NiSource Inc ,62
 Nissan Chemical Corp ,64
 Nissan Motor Co Ltd ,61
 Nisshin Seifun Group Inc ,9
 Nissin Foods Holdings Co Ltd ,71
 Nitori Holdings Co Ltd ,9
 Nitratos de Chile SA ,1
 Nitto Denko Corp ,58
 NMC Health PLC ,19
 NMDC Ltd ,21
 NN Group NV ,78
 Noble Energy Inc ,32
 NOF Corp ,12
 Nokia OYJ ,40
 Nokian Renkaat OYJ ,79
 Nomad Foods Ltd ,49
 Nomura Holdings Inc ,64
 Nomura Real Estate Holdings Inc ,24
 Nomura Real Estate Master Fund Inc ,24
 Nomura Research Institute Ltd ,78
 NongShim Co Ltd ,2
 Nordea Bank Abp ,35
 Nordstrom Inc ,37
 Norfolk Southern Corp ,33
 Norsk Hydro ASA ,63
 Norte Grande SA ,0
 Northam Platinum Ltd ,30
 Northern Star Resources Ltd ,33
 Northern Trust Corp ,46
 Northrop Grumman Corp ,63
 NortonLifeLock Inc ,66
 Norwegian Cruise Line Holdings Ltd ,16
 Novartis AG ,74
 Novatek Microelectronics Corp ,23
 Novatek PJSC ,33
 Novo Nordisk A/S ,65
 Novolipetsk Steel PJSC ,33
 Novozymes A/S ,42
 NRG Energy Inc ,35
 NSK Ltd ,57
 NTPC Ltd ,40
 NTT Data Corp ,79
 NTT DOCOMO Inc ,85
 Nu Skin Enterprises Inc ,13
 Nuance Communications Inc ,9
 Nucor Corp ,13
 Nufarm Ltd/Australia ,34
 Nutanix Inc ,8
 Nutrien Ltd ,53
 nVent Electric PLC ,8
 NVIDIA Corp ,72
 NVR Inc ,9
 NWS Holdings Ltd ,26
 NXP Semiconductors NV ,28
 O'Reilly Automotive Inc ,10
 Obayashi Corp ,50
 Obic Co Ltd ,1
 OC Oerlikon Corp AG ,13
 Ocado Group PLC ,19
 Occidental Petroleum Corp ,37
 OCI Co Ltd ,64
 Odakyu Electric Railway Co Ltd ,5
 OGE Energy Corp ,14
 Oil & Natural Gas Corp Ltd ,21
 Oil Search Ltd ,69
 Oji Holdings Corp ,16
 Okta Inc ,7
 Old Dominion Freight Line Inc ,8
 Old Mutual Ltd ,28
 Olin Corp ,9
 Ollie's Bargain Outlet Holdings Inc ,6
 Olympus Corp ,51
 Omega Healthcare Investors Inc ,6
 Omnicom Group Inc ,21
 Omron Corp ,75
 OMV AG ,70
 ON Semiconductor Corp ,65
 ONE Gas Inc ,14
 ONEOK Inc ,43
 Onex Corp ,6
 Ono Pharmaceutical Co Ltd ,60
 oOh!media Ltd ,14
 Ooredoo QPSC ,7
 OPAP SA ,25
 Open Text Corp ,13
 Oracle Corp ,29
 Oracle Corp Japan ,8
 Oracle Financial Services Software Ltd ,19
 Orange Life Insurance Ltd ,12
 Orange SA ,43
 Orbia Advance Corp SAB de CV ,55
 Organizacion Terpel SA ,56
 Orica Ltd ,52
 Oriental Land Co Ltd/Japan ,16
 Origin Energy Ltd ,42
 Orion Corp/Republic of Korea ,2
 Orion Oyj ,23
 ORIX Corp ,32
 Orix JREIT Inc ,9
 Orkla ASA ,60
 Orocobre Ltd ,50
 Orora Ltd ,22
 Orpea ,28
 Orsted A/S ,27
 Osaka Gas Co Ltd ,66
 Oshkosh Corp ,77
 OSRAM Licht AG ,81
 OTP Bank Nyrt ,34
 Otsuka Corp ,7
 Otsuka Holdings Co Ltd ,18
 Ottogi Corp ,0
 Outokumpu Oyj ,57
 Outotec OYJ ,65
 Oversea-Chinese Banking Corp Ltd ,41
 Owens Corning ,90
 OZ Minerals Ltd ,34
 PACCAR Inc ,28
 Packaging Corp of America ,22
 Pact Group Holdings Ltd ,30
 Page Industries Ltd ,15
 Pagseguro Digital Ltd ,6
 Palo Alto Networks Inc ,11
 Pan Ocean Co Ltd ,3
 Pan Pacific International Holdings Corp ,14
 Panasonic Corp ,35
 Pandora A/S ,19
 Panoro Minerals Ltd ,2
 Paradise Co Ltd ,3
 Pargesa Holding SA ,8
 Park24 Co Ltd ,6
 Parker-Hannifin Corp ,27
 Parque Arauco SA ,67
 Parsley Energy Inc ,10
 Partners Group Holding AG ,39
 Paychex Inc ,17
 Paycom Software Inc ,9
 PayPal Holdings Inc ,34
 PAZ Corp SA ,0
 PBF Energy Inc ,11
 Pearl Abyss Corp ,0
 Pearson PLC ,67
 Pebblebrook Hotel Trust ,16
 Pegatron Corp ,29
 Pembina Pipeline Corp ,28
 Pendal Group Ltd ,32
 Pennon Group PLC ,49
 Pentair PLC ,21
 Penumbra Inc ,10
 People's Insurance Co Group of China Ltd ,17
 People's United Financial Inc ,20
 Pepkor Holdings Ltd ,13
 PepsiCo Inc ,36
 PeptiDream Inc ,15
 Perenti Global Ltd ,10
 PerkinElmer Inc ,18
 Pernod Ricard SA ,37
 Perpetual Ltd ,27
 Perrigo Co PLC ,35
 Persimmon PLC ,29
 Persol Holdings Co Ltd ,3
 Perspecta Inc ,9
 Perusahaan Gas Negara Tbk PT ,24
 Petrobras Distribuidora SA ,6
 PetroChina Co Ltd ,20
 Petroleo Brasileiro SA ,67
 Petronas Chemicals Group Bhd ,42
 Petronas Dagangan Bhd ,24
 Petronas Gas Bhd ,21
 Petronet LNG Ltd ,10
 Peugeot SA ,81
 Pfizer Inc ,29
 PGE Polska Grupa Energetyczna SA ,13
 Philip Morris International Inc ,69
 Phillips 66 ,18
 Phison Electronics Corp ,26
 PhosAgro PJSC ,20
 Physicians Realty Trust ,5
 PICC Property & Casualty Co Ltd ,12
 Pick n Pay Stores Ltd ,28
 Pidilite Industries Ltd ,6
 Pigeon Corp ,5
 Pilbara Minerals Ltd ,26
 Pinduoduo Inc ,2
 Ping An Healthcare and Technology Co Ltd ,10
 Ping An Insurance Group Co of China Ltd ,58
 Pinnacle Financial Partners Inc ,14
 Pinnacle West Capital Corp ,33
 Pioneer Natural Resources Co ,26
 Piramal Enterprises Ltd ,25
 Pirelli & C SpA ,85
 PLA Administradora Industrial S de RL de CV ,2
 Planet Fitness Inc ,8
 Platinum Asset Management Ltd ,21
 Plaza SA ,62
 PNC Financial Services Group Inc ,40
 PNM Resources Inc ,17
 Pola Orbis Holdings Inc ,19
 Polaris Inc ,15
 Polski Koncern Naftowy ORLEN SA ,24
 Polskie Gornictwo Naftowe i Gazownictwo SA ,15
 Polymetal International PLC ,71
 Polyus PJSC ,45
 Pool Corp ,9
 Porsche Automobil Holding SE ,34
 Porto Seguro SA ,16
 POSCO ,67
 POSCO Chemical Co Ltd ,4
 Posco International Corp ,21
 Postal Savings Bank of China Co Ltd ,25
 Poste Italiane SpA ,78
 PostNL NV ,79
 Pou Chen Corp ,27
 Power Assets Holdings Ltd ,63
 Power Corp of Canada ,33
 Power Financial Corp ,22
 Power Grid Corp of India Ltd ,13
 Powertech Technology Inc ,29
 Powszechna Kasa Oszczednosci Bank Polski SA ,26
 Powszechny Zaklad Ubezpieczen SA ,17
 PPB Group Bhd ,15
 PPG Industries Inc ,44
 PPL Corp ,30
 PPX Mining Corp ,1
 PrairieSky Royalty Ltd ,22
 Premier Investments Ltd ,11
 President Chain Store Corp ,78
 Press Metal Aluminium Holdings Bhd ,3
 Primerica Inc ,22
 Principal Financial Group Inc ,30
 Procter & Gamble Co ,60
 Procter & Gamble Hygiene & Health Care Ltd ,13
 Progressive Corp ,18
 Prologis Inc ,69
 Prologis Property Mexico SA de CV ,61
 Promigas SA ESP ,63
 Promotora y Operadora de Infraestructura SAB de CV ,4
 ProSiebenSat.1 Media SE ,30
 Prosperity Bancshares Inc ,11
 Proto Labs Inc ,7
 Provident Financial PLC ,61
 Proximus SADP ,52
 Prudential Financial Inc ,32
 Prudential PLC ,37
 Prysmian SpA ,84
 PSG Group Ltd ,10
 PTC Inc ,16
 PTT Exploration & Production PCL ,86
 PTT Global Chemical PCL ,89
 PTT PCL ,84
 Public Bank Bhd ,25
 Public Service Enterprise Group Inc ,68
 Public Storage ,6
 Publicis Groupe SA ,51
 Pulmuone Co Ltd ,77
 PulteGroup Inc ,35
 Puma SE ,62
 Pure Storage Inc ,10
 PVH Corp ,36
 Qantas Airways Ltd ,29
 Qatar Electricity & Water Co QSC ,3
 Qatar Gas Transport Co Ltd ,15
 Qatar Insurance Co SAQ ,3
 Qatar Islamic Bank SAQ ,11
 Qatar National Bank QPSC ,20
 QBE Insurance Group Ltd ,68
 QIAGEN NV ,23
 QL Resources Bhd ,12
 Qorvo Inc ,12
 QUALCOMM Inc ,49
 Qualitas Controladora SAB de CV ,45
 Quanta Computer Inc ,27
 Quanta Services Inc ,15
 Qube Holdings Ltd ,17
 Quebecor Inc ,11
 Quest Diagnostics Inc ,57
 Quilter PLC ,16
 Quinenco SA ,9
 Qurate Retail Inc ,29
 Radian Group Inc ,28
 Radiant Opto-Electronics Corp ,31
 Raia Drogasil SA ,9
 Raiffeisen Bank International AG ,49
 Rajesh Exports Ltd ,10
 Rakuten Inc ,50
 Ralph Lauren Corp ,17
 Ramsay Health Care Ltd ,18
 Rand Merchant Investment Holdings Ltd ,11
 Randstad NV ,73
 Raymond James Financial Inc ,18
 Raytheon Co ,24
 RBC Bearings Inc ,8
 REA Group Ltd ,16
 Realtek Semiconductor Corp ,13
 Realty Income Corp ,9
 REC Ltd ,18
 Reckitt Benckiser Group PLC ,76
 Recordati SpA ,23
 Recruit Holdings Co Ltd ,39
 Red Electrica Corp SA ,86
 Redefine Properties Ltd ,53
 Refineria La Pampilla SAA Relapasa ,5
 Regal Beloit Corp ,16
 Regency Centers Corp ,44
 Regeneron Pharmaceuticals Inc ,51
 Regional SAB de CV ,41
 Regions Financial Corp ,32
 Regis Resources Ltd ,10
 Reinsurance Group of America Inc ,35
 Reliance Industries Ltd ,54
 Reliance Steel & Aluminum Co ,8
 Reliance Worldwide Corp Ltd ,9
 Relo Group Inc ,3
 RELX PLC ,69
 Remgro Ltd ,23
 Remy Cointreau SA ,16
 RenaissanceRe Holdings Ltd ,13
 Renault SA ,50
 Renesas Electronics Corp ,23
 Rentokil Initial PLC ,65
 Repsol SA ,45
 Republic Services Inc ,66
 Resilient REIT Ltd ,14
 ResMed Inc ,20
 Resolute Mining Ltd ,13
 Resona Holdings Inc ,25
 Restaurant Brands International Inc ,15
 Rexel SA ,69
 Rexford Industrial Realty Inc ,7
 RHB Bank Bhd ,23
 Rheinmetall AG ,23
 Richter Gedeon Nyrt ,16
 Ricoh Co Ltd ,85
 Rightmove PLC ,28
 Rimac Seguros y Reaseguros ,46
 RingCentral Inc ,9
 Rinnai Corp ,50
 Rio Tinto PLC ,69
 Ripley Corp SA ,2
 Ritchie Bros Auctioneers Inc ,8
 RLI Corp ,8
 RLJ Lodging Trust ,7
 RMB Holdings Ltd ,11
 Robert Half International Inc ,26
 Roche Holding AG ,90
 Rockwell Automation Inc ,43
 Rogers Communications Inc ,40
 Rohm Co Ltd ,54
 Rohto Pharmaceutical Co Ltd ,8
 Rollins Inc ,8
 Rolls-Royce Holdings PLC ,73
 Roper Technologies Inc ,14
 Rosneft Oil Co PJSC ,40
 Ross Stores Inc ,17
 Rostelecom PJSC ,39
 Rotork PLC ,26
 Royal Bank of Canada ,75
 Royal Bank of Scotland Group PLC ,71
 Royal Caribbean Cruises Ltd ,61
 Royal Dutch Shell PLC ,66
 Royal Gold Inc ,7
 Royal Mail PLC ,85
 RPM International Inc ,9
 RSA Insurance Group PLC ,50
 Ruentex Industries Ltd ,1
 Rumo SA ,18
 RusHydro PJSC ,34
 RWE AG ,54
 Ryanair Holdings PLC ,18
 Ryman Healthcare Ltd ,9
 Ryohin Keikaku Co Ltd ,7
 S&P Global Inc ,74
 S-1 Corp ,1
 S-Oil Corp ,78
 Saab AB ,16
 Sabra Health Care REIT Inc ,6
 Sabre Corp ,10
 SACI Falabella ,68
 Safran SA ,24
 Sage Group PLC ,24
 Saipem SpA ,75
 salesforce.com Inc ,46
 Salfacorp SA ,2
 Salmar ASA ,19
 Salmones Camanchaca SA ,11
 Sampo Oyj ,47
 Samsung Biologics Co Ltd ,4
 Samsung C&T Corp ,71
 Samsung Card Co Ltd ,6
 Samsung Electro-Mechanics Co Ltd ,75
 Samsung Electronics Co Ltd ,62
 Samsung Engineering Co Ltd ,73
 Samsung Fire & Marine Insurance Co Ltd ,78
 Samsung Heavy Industries Co Ltd ,44
 Samsung Life Insurance Co Ltd ,38
 Samsung SDI Co Ltd ,76
 Samsung SDS Co Ltd ,12
 Samsung Securities Co Ltd ,70
 San Miguel Corp ,7
 Sandfire Resources NL ,39
 Sands China Ltd ,55
 Sandvik AB ,79
 Sangsangin Co Ltd ,1
 Sankyu Inc ,2
 Sanlam Ltd ,39
 Sanofi ,82
 Santander Bank Polska SA ,29
 Santen Pharmaceutical Co Ltd ,60
 Santos Ltd ,40
 Sanwa Holdings Corp ,10
 SAP SE ,69
 Sappi Ltd ,34
 Saputo Inc ,20
 Saracen Mineral Holdings Ltd ,16
 Sarepta Therapeutics Inc ,10
 Sartorius AG ,23
 Sasol Ltd ,59
 SATS Ltd ,22
 SBA Communications Corp ,8
 Sberbank of Russia PJSC ,29
 SBI Holdings Inc/Japan ,9
 SBI Life Insurance Co Ltd ,15
 SBM Offshore NV ,60
 Scentre Group ,31
 Schibsted ASA ,18
 Schindler Holding AG ,31
 Schlumberger Ltd ,59
 Schneider Electric SE ,83
 Schnitzer Steel Industries Inc ,35
 Schroders PLC ,29
 Science Applications International Corp ,12
 SCOR SE ,36
 Scout24 AG ,14
 Seagate Technology PLC ,32
 Sealed Air Corp ,26
 Seattle Genetics Inc ,12
 Seazen Group Ltd ,12
 Secom Co Ltd ,29
 Securitas AB ,33
 SEEK Ltd ,28
 Sega Sammy Holdings Inc ,18
 Segro PLC ,28
 SEI Investments Co ,19
 Seibu Holdings Inc ,5
 Seiko Epson Corp ,73
 Seino Holdings Co Ltd ,9
 Sekisui Chemical Co Ltd ,72
 Sekisui House Ltd ,76
 Sekisui House Reit Inc ,37
 Sembcorp Industries Ltd ,58
 Semen Indonesia Persero Tbk PT ,20
 Semiconductor Manufacturing International Corp ,43
 Sempra Energy ,76
 Semtech Corp ,14
 Senior Housing Properties Trust ,5
 Sensata Technologies Holding PLC ,25
 Seoul Semiconductor Co Ltd ,5
 Service Corp International/US ,13
 Service Properties Trust ,5
 ServiceMaster Global Holdings Inc ,15
 ServiceNow Inc ,13
 SES SA ,17
 Seven & i Holdings Co Ltd ,69
 Seven Bank Ltd ,11
 Seven Group Holdings Ltd ,12
 Seven West Media Ltd ,14
 Severn Trent PLC ,28
 Severstal PJSC ,41
 SFA Engineering Corp ,1
 SG Holdings Co Ltd ,16
 SGS SA ,83
 Shaftesbury PLC ,39
 Shandong Weigao Group Medical Polymer Co Ltd ,15
 Shanghai Fosun Pharmaceutical Group Co Ltd ,23
 Shanghai Lujiazui Finance & Trade Zone Development Co Ltd ,0
 Shanghai Pharmaceuticals Holding Co Ltd ,12
 Shangri-La Asia Ltd ,46
 Shaw Communications Inc ,14
 Shenzhen International Holdings Ltd ,13
 Shenzhen Investment Ltd ,19
 Shenzhou International Group Holdings Ltd ,17
 Sherwin-Williams Co ,21
 Shikoku Electric Power Co Inc ,13
 Shimadzu Corp ,41
 Shimano Inc ,7
 Shimao Property Holdings Ltd ,16
 Shimizu Corp ,17
 Shin Kong Financial Holding Co Ltd ,12
 Shin-Etsu Chemical Co Ltd ,26
 Shinhan Financial Group Co Ltd ,84
 Shinsegae Inc ,2
 Shinsei Bank Ltd ,21
 Shionogi & Co Ltd ,19
 Shiseido Co Ltd ,77
 Shizuoka Bank Ltd ,16
 Shopify Inc ,28
 Shopping Centres Australasia Property Group ,20
 Shoprite Holdings Ltd ,22
 Showa Denko KK ,21
 Shree Cement Ltd ,57
 Shriram Transport Finance Co Ltd ,17
 Siam Cement PCL ,86
 Siam Commercial Bank PCL ,83
 Sibanye Gold Ltd ,27
 Siemens AG ,79
 Siemens Gamesa Renewable Energy SA ,73
 Siemens Healthineers AG ,5
 Siemens Ltd ,13
 Sigdo Koppers SA ,47
 Sigma Healthcare Ltd ,14
 Signature Bank/New York NY ,13
 Signify NV ,88
 Sika AG ,36
 Silergy Corp ,3
 Silicon Laboratories Inc ,12
 Silicon Motion Technology Corp ,6
 SillaJen Inc ,5
 SimCorp A/S ,21
 Sime Darby Bhd ,21
 Sime Darby Plantation Bhd ,33
 Sime Darby Property Bhd ,43
 Simon Property Group Inc ,32
 Simplo Technology Co Ltd ,18
 Sims Metal Management Ltd ,53
 SINA Corp/China ,5
 Singapore Airlines Ltd ,24
 Singapore Exchange Ltd ,27
 Singapore Press Holdings Ltd ,23
 Singapore Technologies Engineering Ltd ,26
 Singapore Telecommunications Ltd ,68
 Sino Biopharmaceutical Ltd ,14
 Sino Land Co Ltd ,21
 Sino-American Silicon Products Inc ,26
 Sino-Ocean Group Holding Ltd ,18
 SinoPac Financial Holdings Co Ltd ,60
 Sinopec Shanghai Petrochemical Co Ltd ,6
 Sinopharm Group Co Ltd ,15
 Sinotruk Hong Kong Ltd ,10
 Sirius XM Holdings Inc ,9
 SITC International Holdings Co Ltd ,14
 Six Flags Entertainment Corp ,7
 SK Holdings Co Ltd ,81
 SK Hynix Inc ,77
 SK Innovation Co Ltd ,83
 SK Materials Co Ltd ,3
 SK Networks Co Ltd ,17
 SK Telecom Co Ltd ,84
 Skandinaviska Enskilda Banken AB ,67
 Skanska AB ,38
 Skechers U.S.A. Inc ,6
 SKF AB ,39
 SKYCITY Entertainment Group Ltd ,29
 Skylark Holdings Co Ltd ,10
 Skyworks Solutions Inc ,19
 SL Green Realty Corp ,53
 SM Investments Corp ,30
 SM Prime Holdings Inc ,24
 SmartGroup Corp Ltd ,27
 SMC Corp/Japan ,13
 Smith & Nephew PLC ,64
 Smiths Group PLC ,34
 SMU SA ,13
 Smurfit Kappa Group PLC ,38
 Snam SpA ,81
 Snap Inc ,10
 Snap-on Inc ,13
 SNC-Lavalin Group Inc ,23
 Sociedad de Inversiones Oro Blanco SA ,1
 Sociedad Matriz del Banco de Chile SA ,0
 Sociedad Matriz SAAM SA ,38
 Sociedad Minera Cerro Verde SAA ,2
 Sociedad Minera el Brocal SAA ,0
 Sociedad Pesquera Coloso ,0
 Sociedad Punta del Cobre SA ,0
 Sociedad Quimica y Minera de Chile SA ,24
 Societe Generale SA ,79
 Socovesa SA ,0
 Sodexo SA ,76
 Sofina SA ,6
 SoftBank Group Corp ,14
 Sohgo Security Services Co Ltd ,17
 Sojitz Corp ,79
 Solvay SA ,66
 Sompo Holdings Inc ,75
 SONDA SA ,49
 Sonic Healthcare Ltd ,19
 Sonoco Products Co ,66
 Sonova Holding AG ,74
 Sony Corp ,41
 Sony Financial Holdings Inc ,12
 Sopra Steria Group ,48
 Soquimich Comercial SA ,0
 Sotetsu Holdings Inc ,1
 South32 Ltd ,59
 Southern Co ,25
 Southern Copper Corp ,45
 Southern Cross Media Group Ltd ,18
 Southwest Airlines Co ,36
 Southwest Gas Holdings Inc ,28
 SPAR Group Ltd ,26
 Spark Infrastructure Group ,28
 Spark New Zealand Ltd ,23
 Spectris PLC ,24
 SpeedCast International Ltd ,11
 Spirax-Sarco Engineering PLC ,23
 Spire Inc ,6
 Spirit AeroSystems Holdings Inc ,10
 Spirit Airlines Inc ,7
 Spirit Realty Capital Inc ,7
 Splunk Inc ,13
 Spotify Technology SA ,16
 Sprint Corp ,9
 Sprouts Farmers Market Inc ,10
 Square Enix Holdings Co Ltd ,6
 Square Inc ,11
 SS&C Technologies Holdings Inc ,9
 Ssangyong Cement Industrial Co Ltd ,1
 SSE PLC ,40
 SSY Group Ltd ,15
 St Barbara Ltd ,44
 St James's Place PLC ,39
 STAG Industrial Inc ,6
 Standard Bank Group Ltd ,51
 Standard Chartered PLC ,73
 Standard Life Aberdeen PLC ,72
 Stanley Black & Decker Inc ,85
 Stanley Electric Co Ltd ,20
 Star Entertainment Grp Ltd ,71
 Starbucks Corp ,47
 Stars Group Inc ,22
 Starwood Property Trust Inc ,11
 State Bank of India ,46
 State Street Corp ,65
 STCUBE ,0
 Steadfast Group Ltd ,18
 Steel Dynamics Inc ,15
 Stericycle Inc ,14
 STERIS PLC ,14
 Stifel Financial Corp ,13
 STMicroelectronics NV ,83
 Stockland ,83
 Stora Enso OYJ ,37
 STORE Capital Corp ,8
 Storebrand ASA ,75
 Straumann Holding AG ,22
 Stryker Corp ,18
 Studio Dragon Corp ,1
 Subaru Corp ,33
 Subsea 7 SA ,22
 Suez ,76
 Sul America SA ,53
 SUMCO Corp ,17
 Sumitomo Chemical Co Ltd ,31
 Sumitomo Corp ,30
 Sumitomo Dainippon Pharma Co Ltd ,64
 Sumitomo Electric Industries Ltd ,55
 Sumitomo Forestry Co Ltd ,79
 Sumitomo Heavy Industries Ltd ,18
 Sumitomo Metal Mining Co Ltd ,32
 Sumitomo Mitsui Financial Group Inc ,49
 Sumitomo Mitsui Trust Holdings Inc ,51
 Sumitomo Realty & Development Co Ltd ,1
 Sumitomo Rubber Industries Ltd ,29
 Sun Communities Inc ,6
 Sun Hung Kai Properties Ltd ,30
 Sun Life Financial Inc ,65
 Sun Pharmaceutical Industries Ltd ,16
 Sunac China Holdings Ltd ,16
 Suncor Energy Inc ,59
 Suncorp Group Ltd ,57
 Sunny Optical Technology Group Co Ltd ,17
 Suntec Real Estate Investment Trust ,8
 Suntory Beverage & Food Ltd ,20
 SunTrust Banks Inc ,22
 Super Retail Group Ltd ,52
 Surgutneftegas PJSC ,9
 Suzano SA ,15
 Suzuken Co Ltd/Aichi Japan ,9
 Suzuki Motor Corp ,20
 SVB Financial Group ,17
 Svenska Cellulosa AB SCA ,27
 Svenska Handelsbanken AB ,74
 Swatch Group AG ,10
 Swedish Match AB ,32
 Swedish Orphan Biovitrum AB ,20
 Swire Pacific Ltd ,61
 Swire Properties Ltd ,74
 Swiss Life Holding AG ,45
 Swiss Prime Site AG ,13
 Swiss Re AG ,81
 Swisscom AG ,70
 Sydney Airport ,71
 Symrise AG ,33
 Synchrony Financial ,21
 Synnex Technology International Corp ,7
 Synopsys Inc ,16
 Syrah Resources Ltd ,9
 Sysco Corp ,26
 Sysmex Corp ,69
 T Rowe Price Group Inc ,30
 T&D Holdings Inc ,61
 T-Mobile US Inc ,10
 TA Chen Stainless Pipe ,1
 Tabcorp Holdings Ltd ,67
 Taiheiyo Cement Corp ,57
 Taisei Corp ,30
 Taishin Financial Holding Co Ltd ,78
 Taisho Pharmaceutical Holdings Co Ltd ,15
 Taiwan Business Bank ,7
 Taiwan Cement Corp ,66
 Taiwan Cooperative Financial Holding Co Ltd ,10
 Taiwan Mobile Co Ltd ,89
 Taiwan Semiconductor Manufacturing Co Ltd ,87
 Taiyo Nippon Sanso Corp ,10
 Takara Holdings Inc ,3
 Takashimaya Co Ltd ,2
 Take-Two Interactive Software Inc ,14
 Takeda Pharmaceutical Co Ltd ,75
 TAL Education Group ,9
 Tapestry Inc ,21
 Targa Resources Corp ,10
 Target Corp ,41
 Tassal Group Ltd ,21
 Tata Consultancy Services Ltd ,63
 Tata Motors Ltd ,58
 Tata Power Co Ltd ,48
 Tata Steel Ltd ,66
 Tate & Lyle PLC ,35
 Tatneft PJSC ,13
 Tatung Co Ltd ,34
 Taylor Wimpey PLC ,68
 TC Energy Corp ,60
 TCI Co Ltd ,39
 TD Ameritrade Holding Corp ,18
 TDK Corp ,52
 TE Connectivity Ltd ,58
 Tech Data Corp ,10
 Tech Mahindra Ltd ,74
 TechnipFMC PLC ,15
 Technology One Ltd ,13
 Techtronic Industries Co Ltd ,18
 Teck Resources Ltd ,90
 Teco Electric and Machinery Co Ltd ,42
 Teijin Ltd ,56
 Teladoc Health Inc ,10
 Telcon RF Pharmaceutical Inc ,0
 Tele2 AB ,38
 Telecom Italia SpA/Milano ,80
 Teledyne Technologies Inc ,9
 Teleflex Inc ,17
 Telefonaktiebolaget LM Ericsson ,48
 Telefonica Brasil SA ,66
 Telefonica Deutschland Holding AG ,33
 Telefonica SA ,72
 Telekom Malaysia Bhd ,35
 Telekomunikasi Indonesia Persero Tbk PT ,17
 Telenet Group Holding NV ,80
 Telenor ASA ,37
 Teleperformance ,36
 Telephone & Data Systems Inc ,8
 Telesites SAB de CV ,2
 Television Francaise 1 ,63
 Telia Co AB ,33
 Telkom SA SOC Ltd ,32
 Telstra Corp Ltd ,44
 TELUS Corp ,82
 Temenos AG ,54
 Tenaga Nasional Bhd ,22
 Tenaris SA ,28
 Tencent Holdings Ltd ,19
 Teradata Corp ,48
 Teradyne Inc ,27
 Terna Rete Elettrica Nazionale SpA ,90
 Terumo Corp ,22
 Tesco Lotus Retail Growth Freehold & Leasehold Property Fund ,2
 Tesco PLC ,60
 Tesla Inc ,17
 Tetra Tech Inc ,36
 Teva Pharmaceutical Industries Ltd ,33
 Texas Instruments Inc ,52
 Texas Roadhouse Inc ,9
 Textron Inc ,22
 TGS NOPEC Geophysical Co ASA ,41
 Thai Beverage PCL ,92
 Thai Oil PCL ,89
 Thai Union Group PCL ,86
 Thales SA ,74
 Thermo Fisher Scientific Inc ,23
 THK Co Ltd ,13
 Thomson Reuters Corp ,26
 thyssenkrupp AG ,26
 Tiffany & Co ,31
 TIM Participacoes SA ,63
 Tingyi Cayman Islands Holding Corp ,12
 TIS Inc ,32
 Titan Co Ltd ,17
 TJX Cos Inc ,27
 TMB Bank PCL ,62
 Tobu Railway Co Ltd ,2
 Toho Co Ltd/Tokyo ,0
 Toho Gas Co Ltd ,36
 Tohoku Electric Power Co Inc ,14
 Tokai Carbon Co Ltd ,13
 Tokio Marine Holdings Inc ,76
 Tokyo Century Corp ,11
 Tokyo Electron Ltd ,78
 Tokyo Gas Co Ltd ,66
 Tokyo Tatemono Co Ltd ,52
 Tokyu Corp ,5
 Tokyu Fudosan Holdings Corp ,53
 Toll Brothers Inc ,35
 Tomra Systems ASA ,24
 Top Glove Corp Bhd ,41
 Topdanmark A/S ,17
 Toppan Printing Co Ltd ,69
 Toray Industries Inc ,69
 Toro Co ,12
 Toromont Industries Ltd ,5
 Toronto-Dominion Bank ,76
 Torrent Pharmaceuticals Ltd ,15
 Toshiba Corp ,33
 Tosoh Corp ,9
 TOTAL SA ,72
 Total System Services Inc ,18
 TOTO Ltd ,79
 Tourmaline Oil Corp ,20
 Toyo Seikan Group Holdings Ltd ,14
 Toyo Suisan Kaisha Ltd ,5
 Toyota Industries Corp ,29
 Toyota Motor Corp ,59
 Toyota Tsusho Corp ,23
 TP ICAP PLC ,17
 TPG Telecom Ltd ,14
 Tractor Supply Co ,16
 Trade Desk Inc ,6
 TransDigm Group Inc ,9
 Transneft PJSC ,18
 Transocean Ltd ,15
 Transportadora de Gas Internacional S.A. E.S.P. ,55
 TransUnion ,15
 Transurban Group ,78
 Travelers Cos Inc ,41
 TravelSky Technology Ltd ,13
 Travis Perkins PLC ,29
 Treasury Wine Estates Ltd ,19
 TreeHouse Foods Inc ,7
 Trelleborg AB ,52
 Trend Micro Inc/Japan ,12
 Trevali Mining Corp ,14
 Trex Co Inc ,7
 Trimble Inc ,21
 Trinity Industries Inc ,9
 Trip.com Group Ltd ,8
 TripAdvisor Inc ,14
 Tripod Technology Corp ,5
 Tritax Big Box REIT PLC ,6
 True Corp PCL ,90
 Truworths International Ltd ,32
 Tryg A/S ,22
 TS Tech Co Ltd ,58
 Tsingtao Brewery Co Ltd ,8
 Tsuruha Holdings Inc ,3
 TUI AG ,72
 Tupras Turkiye Petrol Rafinerileri AS ,17
 Turk Hava Yollari AO ,20
 Turkcell Iletisim Hizmetleri AS ,18
 Turkiye Garanti Bankasi AS ,77
 Turkiye Vakiflar Bankasi TAO ,51
 Twilio Inc ,9
 Twitter Inc ,13
 Two Harbors Investment Corp ,9
 Tyler Technologies Inc ,7
 Tyson Foods Inc ,31
 Ube Industries Ltd ,19
 Ubisoft Entertainment SA ,20
 UBS Group AG ,83
 UCB SA ,31
 UDR Inc ,10
 UGI Corp ,8
 Ulta Beauty Inc ,20
 Ultrapar Participacoes SA ,26
 UltraTech Cement Ltd ,59
 UMB Financial Corp ,17
 Umicore SA ,28
 Under Armour Inc ,10
 Uni-President Enterprises Corp ,22
 Unibail-Rodamco-Westfield ,45
 Unicharm Corp ,20
 UniCredit SpA ,53
 Unifin Financiera SAB de CV ,4
 Unilever Indonesia Tbk PT ,21
 Unilever NV ,90
 Union Andina de Cementos SAA ,55
 Union de Cervecerias Peruanas Backus y Johnston SAA ,46
 Union Pacific Corp ,28
 Unione di Banche Italiane SpA ,37
 Uniper SE ,15
 United Airlines Holdings Inc ,27
 United Breweries Ltd ,12
 United Internet AG ,32
 United Microelectronics Corp ,83
 United Overseas Bank Ltd ,46
 United Parcel Service Inc ,62
 United Rentals Inc ,27
 United Spirits Ltd ,15
 United Technologies Corp ,28
 United Tractors Tbk PT ,12
 United Urban Investment Corp ,6
 United Utilities Group PLC ,79
 UnitedHealth Group Inc ,69
 Universal Health Services Inc ,13
 Universal Robina Corp ,9
 Unum Group ,42
 UOL Group Ltd ,26
 UPL Ltd ,53
 UPM-Kymmene OYJ ,89
 US Bancorp ,34
 US Foods Holding Corp ,17
 USS Co Ltd ,7
 Vail Resorts Inc ,10
 Valeo SA ,77
 Valero Energy Corp ,19
 Valmet OYJ ,82
 Vanguard International Semiconductor Corp ,37
 Varian Medical Systems Inc ,24
 VAT Group AG ,5
 Vedanta Ltd ,51
 Veeva Systems Inc ,8
 Ventas Inc ,73
 Venture Corp Ltd ,18
 Veolia Environnement SA ,81
 VEON Ltd ,37
 Verbund AG ,52
 VEREIT Inc ,7
 Verint Systems Inc ,10
 VeriSign Inc ,14
 Verisk Analytics Inc ,24
 Verizon Communications Inc ,31
 Vermilion Energy Inc ,63
 Vertex Pharmaceuticals Inc ,21
 Vestas Wind Systems A/S ,67
 VF Corp ,38
 Viacom Inc ,18
 Vicinity Centres ,78
 Vifor Pharma AG ,23
 Vina Concha y Toro SA ,74
 Vina San Pedro Tarapaca SA ,4
 Vinci SA ,69
 Vipshop Holdings Ltd ,59
 Virgin Money UK PLC ,36
 Visa Inc ,58
 Vistra Energy Corp ,11
 Vitasoy International Holdings Ltd ,47
 Viva Energy Group Ltd ,15
 Viva Energy REIT ,5
 Vivendi SA ,33
 VMware Inc ,30
 Vocus Group Ltd ,16
 Vodacom Group Ltd ,30
 Vodafone Group PLC ,48
 voestalpine AG ,38
 Volcan Cia Minera SAA ,29
 Voltronic Power Technology Corp ,53
 Volvo AB ,29
 Vonovia SE ,23
 Vornado Realty Trust ,22
 Voya Financial Inc ,58
 VTB Bank PJSC ,23
 Vukile Property Fund Ltd ,11
 Vulcan Materials Co ,17
 WABCO Holdings Inc ,13
 Wal-Mart de Mexico SAB de CV ,53
 Walgreens Boots Alliance Inc ,27
 Walmart Inc ,28
 Walsin Lihwa Corp ,21
 Walsin Technology Corp ,3
 Walt Disney Co ,25
 Want Want China Holdings Ltd ,11
 Wartsila OYJ Abp ,76
 Washington H Soul Pattinson & Co Ltd ,7
 Waste Connections Inc ,12
 Waste Management Inc ,75
 Waters Corp ,32
 Watsco Inc ,6
 Watt's Alimentos SA ,0
 Wayfair Inc ,9
 Webjet Ltd ,11
 WEC Energy Group Inc ,51
 WEG SA ,52
 Weibo Corp ,7
 Weichai Power Co Ltd ,16
 Weir Group PLC ,33
 Welcia Holdings Co Ltd ,3
 WellCare Health Plans Inc ,24
 Wells Fargo & Co ,37
 Welltower Inc ,71
 Wendel SA ,58
 Wereldhave NV ,61
 Wesfarmers Ltd ,69
 West Japan Railway Co ,16
 West Pharmaceutical Services Inc ,37
 Western Alliance Bancorp ,17
 Western Areas Ltd ,37
 Western Digital Corp ,25
 Western Union Co ,15
 Westinghouse Air Brake Technologies Corp ,12
 Westpac Banking Corp ,83
 Westrock Co ,62
 WEX Inc ,10
 Weyerhaeuser Co ,61
 WH Group Ltd ,48
 Wharf Holdings Ltd ,26
 Wharf Real Estate Investment Co Ltd ,22
 Wheaton Precious Metals Corp ,23
 Wheelock & Co Ltd ,29
 Whirlpool Corp ,57
 Whitbread PLC ,67
 Whitehaven Coal Ltd ,17
 Wienerberger AG ,25
 Williams Cos Inc ,26
 Williams-Sonoma Inc ,16
 Willis Towers Watson PLC ,16
 Wilmar International Ltd ,49
 Win Semiconductors Corp ,73
 Winbond Electronics Corp ,33
 Wipro Ltd ,80
 Wirecard AG ,14
 WiseTech Global Ltd ,25
 Wistron Corp ,35
 Wix.com Ltd ,10
 Wm Morrison Supermarkets PLC ,29
 WNS Holdings Ltd ,12
 Wolters Kluwer NV ,32
 Woodside Petroleum Ltd ,76
 Woodward Inc ,11
 Woolworths Group Ltd ,44
 Woolworths Holdings Ltd/South Africa ,56
 Woongjin Coway Co Ltd ,66
 Workday Inc ,26
 World Wrestling Entertainment Inc ,7
 Worldline SA/France ,67
 Worley Ltd ,30
 WP Carey Inc ,9
 WPG Holdings Ltd ,6
 WPP PLC ,54
 Wright Medical Group NV ,11
 WSP Global Inc ,36
 Wuxi Biologics Cayman Inc ,17
 WW Grainger Inc ,50
 Wyndham Destinations Inc ,55
 Wyndham Hotels & Resorts Inc ,18
 Wynn Macau Ltd ,19
 Wynn Resorts Ltd ,14
 X5 Retail Group NV ,26
 Xcel Energy Inc ,34
 Xero Ltd ,31
 Xerox Holdings Corp ,64
 Xiaomi Corp ,15
 Xilinx Inc ,19
 Xinyi Glass Holdings Ltd ,19
 Xinyi Solar Holdings Ltd ,12
 XPO Logistics Inc ,17
 Xylem Inc/NY ,66
 Yageo Corp ,13
 Yakult Honsha Co Ltd ,18
 Yamada Denki Co Ltd ,13
 Yamaguchi Financial Group Inc ,6
 Yamaha Corp ,50
 Yamaha Motor Co Ltd ,69
 Yamato Holdings Co Ltd ,14
 Yamazaki Baking Co Ltd ,1
 Yandex NV ,8
 Yangzijiang Shipbuilding Holdings Ltd ,5
 Yanzhou Coal Mining Co Ltd ,5
 Yara International ASA ,35
 Yaskawa Electric Corp ,25
 Yes Bank Ltd ,69
 Yihai International Holding Ltd ,11
 Yokogawa Electric Corp ,72
 Yokohama Rubber Co Ltd ,26
 Young Poong Corp ,0
 Youngone Corp ,1
 YTL Corp Bhd ,12
 Yuanta Financial Holding Co Ltd ,65
 Yue Yuen Industrial Holdings Ltd ,17
 Yuexiu Property Co Ltd ,16
 Yuhan Corp ,9
 Yum China Holdings Inc ,59
 Yum! Brands Inc ,64
 YY Inc ,5
 Z Holdings Corp ,17
 Zalando SE ,29
 Zall Smart Commerce Group Ltd ,14
 Zayo Group Holdings Inc ,11
 Zebra Technologies Corp ,9
 Zee Entertainment Enterprises Ltd ,8
 Zendesk Inc ,10
 Zhejiang Expressway Co Ltd ,17
 Zhen Ding Technology Holding Ltd ,5
 Zhuzhou CRRC Times Electric Co Ltd ,19
 Zijin Mining Group Co Ltd ,6
 Zimmer Biomet Holdings Inc ,32
 Zions Bancorp NA ,18
 Zoetis Inc ,19
 Zona Franca de Iquique SA ,2
 ZOZO Inc ,6
 ZTE Corp ,25
 ZTO Express Cayman Inc ,4
 Zurich Insurance Group AG ,83
 Zynga Inc ,8
